{"stats":{"minecraft:killed_by":{"minecraft:creeper":3,"minecraft:rabbit":1,"minecraft:skeleton":2,"minecraft:zombie":1},"minecraft:broken":{"minecraft:fishing_rod":1},"minecraft:picked_up":{"minecraft:fishing_rod":1,"minecraft:iron_chestplate":2,"minecraft:azure_bluet":6,"minecraft:splash_potion":2,"minecraft:anvil":2,"minecraft:golden_pickaxe":4,"minecraft:diamond_sword":1,"minecraft:wooden_pickaxe":2,"minecraft:enchanted_book":4,"minecraft:potion":1,"minecraft:golden_shovel":2,"minecraft:golden_sword":1,"minecraft:shield":1,"minecraft:cornflower":1,"minecraft:string":10,"lucky:lucky_potion":40,"minecraft:wooden_sword":1,"minecraft:iron_leggings":1,"minecraft:quartz_slab":5,"minecraft:blue_orchid":8,"minecraft:diamond_leggings":2,"lucky:lucky_sword":4,"minecraft:redstone_torch":1,"minecraft:poppy":2,"minecraft:wooden_shovel":1,"minecraft:enchanted_golden_apple":2,"minecraft:quartz_stairs":17,"minecraft:iron_boots":1,"minecraft:golden_axe":1,"minecraft:cake":1,"minecraft:cookie":15,"minecraft:quartz_block":22,"minecraft:arrow":17,"minecraft:diamond_chestplate":5,"minecraft:rotten_flesh":10,"minecraft:golden_hoe":1,"minecraft:saddle":3,"minecraft:gold_ingot":31,"minecraft:totem_of_undying":1,"minecraft:netherite_chestplate":1,"minecraft:white_wool":2,"minecraft:oxeye_daisy":9,"minecraft:sponge":2,"minecraft:netherite_boots":1,"minecraft:cooked_beef":1,"minecraft:salmon":4,"minecraft:mushroom_stew":1,"minecraft:netherite_leggings":1,"minecraft:lapis_lazuli":20,"minecraft:magenta_terracotta":3,"lucky:lucky_bow":1,"minecraft:bone":3,"minecraft:bow":1,"minecraft:stone_pickaxe":1,"minecraft:iron_ingot":21,"minecraft:cooked_chicken":3,"minecraft:iron_sword":1,"minecraft:book":32,"minecraft:nether_quartz_ore":17,"minecraft:quartz":31,"minecraft:dandelion":13,"minecraft:spider_eye":2,"minecraft:quartz_bricks":26,"minecraft:dispenser":2,"minecraft:sugar":69,"minecraft:slime_block":16,"minecraft:diamond":20,"minecraft:netherite_helmet":1,"minecraft:lever":1,"minecraft:iron_helmet":2,"minecraft:bone_meal":11,"minecraft:golden_apple":8,"minecraft:bread":3,"minecraft:emerald":29,"minecraft:nether_star":1},"minecraft:mined":{"minecraft:lever":1,"minecraft:grass_block":1,"lucky:lucky_block":86,"minecraft:torch":1,"minecraft:beacon":1,"minecraft:glass":5,"minecraft:tall_grass":3,"minecraft:quartz_bricks":26,"minecraft:slime_block":8,"minecraft:black_stained_glass":1,"minecraft:yellow_wool":1,"minecraft:grass":14,"minecraft:cobweb":3},"minecraft:killed":{"minecraft:spider":1,"minecraft:zombie_horse":3,"minecraft:horse":3,"minecraft:skeleton":3,"minecraft:bee":1,"minecraft:chicken":4,"minecraft:llama":2,"minecraft:skeleton_horse":2,"minecraft:magma_cube":1,"minecraft:wolf":1,"minecraft:pig":2,"minecraft:rabbit":1,"minecraft:sheep":5,"minecraft:zombie":2,"minecraft:villager":5},"minecraft:used":{"minecraft:iron_chestplate":1,"minecraft:golden_shovel":3,"lucky:lucky_block":51,"minecraft:totem_of_undying":1,"minecraft:golden_sword":1,"minecraft:magenta_terracotta":3,"lucky:lucky_potion":45,"minecraft:enchanted_golden_apple":2,"minecraft:quartz_bricks":26,"lucky:lucky_sword":216,"minecraft:white_wool":2,"minecraft:golden_hoe":2,"minecraft:netherite_helmet":1,"minecraft:oak_log":37,"minecraft:diamond_sword":29,"minecraft:fishing_rod":22,"minecraft:golden_pickaxe":30},"minecraft:dropped":{"minecraft:iron_ingot":21,"minecraft:iron_sword":1,"minecraft:lapis_lazuli":20,"minecraft:oak_log":1,"minecraft:golden_pickaxe":3,"minecraft:diamond":20,"minecraft:nether_star":1,"minecraft:diamond_leggings":1,"minecraft:netherite_chestplate":1,"minecraft:netherite_helmet":1,"minecraft:iron_helmet":1,"minecraft:golden_axe":1,"minecraft:cookie":15,"minecraft:book":32,"minecraft:saddle":2,"minecraft:emerald":29,"minecraft:oxeye_daisy":9,"minecraft:sponge":2,"minecraft:dispenser":2,"minecraft:cornflower":1,"minecraft:netherite_boots":1,"minecraft:iron_leggings":1,"minecraft:bone_meal":11,"minecraft:sugar":13,"minecraft:string":10,"minecraft:dandelion":13,"minecraft:gold_ingot":31,"minecraft:bone":3,"minecraft:lever":1,"minecraft:rotten_flesh":4,"minecraft:iron_boots":1,"minecraft:slime_block":16,"minecraft:azure_bluet":6,"minecraft:golden_shovel":1,"minecraft:totem_of_undying":1,"minecraft:netherite_leggings":1,"minecraft:poppy":2,"minecraft:shield":1,"minecraft:diamond_chestplate":2,"minecraft:iron_chestplate":2,"minecraft:quartz_block":22,"minecraft:quartz_stairs":17,"minecraft:redstone_torch":1,"minecraft:spider_eye":2,"minecraft:arrow":30,"minecraft:blue_orchid":8,"minecraft:wooden_pickaxe":1,"minecraft:nether_quartz_ore":17,"minecraft:quartz":31,"lucky:lucky_sword":2,"minecraft:quartz_slab":5},"minecraft:custom":{"minecraft:mob_kills":51,"minecraft:damage_dealt_resisted":160,"minecraft:leave_game":1,"minecraft:time_since_death":10374,"minecraft:climb_one_cm":1144,"minecraft:damage_resisted":168,"minecraft:sprint_one_cm":103719,"minecraft:walk_one_cm":134544,"minecraft:drop":149,"minecraft:talked_to_villager":3,"minecraft:play_time":54548,"minecraft:deaths":19,"minecraft:sneak_time":688,"minecraft:walk_under_water_one_cm":6225,"minecraft:jump":682,"minecraft:walk_on_water_one_cm":23975,"minecraft:total_world_time":54548,"minecraft:time_since_rest":10382,"minecraft:damage_taken":6275,"minecraft:damage_absorbed":220,"minecraft:damage_dealt":5294,"minecraft:swim_one_cm":2334,"minecraft:fly_one_cm":140738,"minecraft:open_chest":3,"minecraft:crouch_one_cm":2868,"minecraft:fall_one_cm":21860,"minecraft:horse_one_cm":40293}},"DataVersion":3465}