{"stats":{"minecraft:killed_by":{"minecraft:rabbit":1,"minecraft:skeleton":1,"minecraft:creeper":3,"minecraft:zombie":1},"minecraft:picked_up":{"minecraft:sponge":2,"minecraft:netherite_boots":1,"minecraft:iron_chestplate":2,"minecraft:azure_bluet":6,"minecraft:golden_pickaxe":3,"minecraft:diamond_sword":1,"minecraft:golden_shovel":2,"minecraft:shield":1,"minecraft:golden_sword":1,"minecraft:netherite_leggings":1,"minecraft:lapis_lazuli":20,"minecraft:magenta_terracotta":3,"minecraft:string":10,"lucky:lucky_bow":1,"lucky:lucky_potion":40,"minecraft:iron_leggings":1,"minecraft:quartz_slab":5,"minecraft:bone":3,"minecraft:blue_orchid":8,"minecraft:diamond_leggings":2,"lucky:lucky_sword":3,"minecraft:iron_ingot":21,"minecraft:redstone_torch":1,"minecraft:poppy":2,"minecraft:enchanted_golden_apple":2,"minecraft:quartz_stairs":17,"minecraft:iron_sword":1,"minecraft:iron_boots":1,"minecraft:book":32,"minecraft:nether_quartz_ore":17,"minecraft:quartz":31,"minecraft:dandelion":13,"minecraft:golden_axe":1,"minecraft:cake":1,"minecraft:cookie":15,"minecraft:spider_eye":2,"minecraft:quartz_bricks":26,"minecraft:dispenser":2,"minecraft:quartz_block":22,"minecraft:sugar":13,"minecraft:rotten_flesh":5,"minecraft:diamond_chestplate":5,"minecraft:diamond":20,"minecraft:slime_block":16,"minecraft:netherite_helmet":1,"minecraft:golden_hoe":1,"minecraft:lever":1,"minecraft:iron_helmet":2,"minecraft:totem_of_undying":1,"minecraft:bone_meal":11,"minecraft:golden_apple":3,"minecraft:saddle":2,"minecraft:gold_ingot":31,"minecraft:emerald":29,"minecraft:netherite_chestplate":1,"minecraft:nether_star":1,"minecraft:oxeye_daisy":9},"minecraft:mined":{"minecraft:lever":1,"minecraft:glass":4,"minecraft:quartz_bricks":26,"minecraft:slime_block":4,"minecraft:black_stained_glass":1,"minecraft:yellow_wool":1,"minecraft:grass":1,"minecraft:cobweb":1,"lucky:lucky_block":82},"minecraft:killed":{"minecraft:magma_cube":1,"minecraft:spider":1,"minecraft:skeleton":1,"minecraft:zombie":2,"minecraft:bee":1},"minecraft:used":{"minecraft:quartz_bricks":26,"lucky:lucky_sword":102,"minecraft:iron_chestplate":1,"minecraft:golden_hoe":2,"minecraft:netherite_helmet":1,"minecraft:golden_shovel":1,"minecraft:oak_log":37,"lucky:lucky_block":50,"minecraft:golden_sword":1,"minecraft:diamond_sword":29,"minecraft:magenta_terracotta":3,"lucky:lucky_potion":15,"minecraft:enchanted_golden_apple":2,"minecraft:golden_pickaxe":30},"minecraft:dropped":{"minecraft:iron_ingot":21,"minecraft:iron_sword":1,"minecraft:lever":1,"minecraft:lapis_lazuli":20,"minecraft:oak_log":1,"minecraft:golden_pickaxe":3,"minecraft:diamond":20,"minecraft:nether_star":1,"minecraft:diamond_leggings":1,"minecraft:netherite_helmet":1,"minecraft:netherite_chestplate":1,"minecraft:cookie":15,"minecraft:golden_axe":1,"minecraft:iron_helmet":1,"minecraft:book":32,"minecraft:rotten_flesh":4,"minecraft:iron_boots":1,"minecraft:slime_block":16,"minecraft:saddle":2,"minecraft:golden_shovel":1,"minecraft:azure_bluet":6,"minecraft:totem_of_undying":1,"minecraft:netherite_leggings":1,"minecraft:emerald":29,"minecraft:oxeye_daisy":9,"minecraft:poppy":2,"minecraft:shield":1,"minecraft:diamond_chestplate":2,"minecraft:sponge":2,"minecraft:dispenser":2,"minecraft:iron_chestplate":2,"minecraft:quartz_block":22,"minecraft:quartz_stairs":17,"minecraft:netherite_boots":1,"minecraft:redstone_torch":1,"minecraft:iron_leggings":1,"minecraft:spider_eye":2,"minecraft:bone_meal":11,"minecraft:arrow":30,"minecraft:blue_orchid":8,"minecraft:sugar":13,"minecraft:nether_quartz_ore":17,"minecraft:quartz":31,"minecraft:string":10,"lucky:lucky_sword":1,"minecraft:gold_ingot":31,"minecraft:dandelion":13,"minecraft:quartz_slab":5,"minecraft:bone":3},"minecraft:custom":{"minecraft:mob_kills":9,"minecraft:time_since_death":8240,"minecraft:climb_one_cm":1144,"minecraft:damage_resisted":168,"minecraft:time_since_rest":8246,"minecraft:sprint_one_cm":77583,"minecraft:walk_one_cm":98336,"minecraft:damage_taken":5213,"minecraft:damage_absorbed":220,"minecraft:drop":146,"minecraft:damage_dealt":1929,"minecraft:talked_to_villager":3,"minecraft:fly_one_cm":105242,"minecraft:open_chest":3,"minecraft:crouch_one_cm":1964,"minecraft:sneak_time":412,"minecraft:play_time":37197,"minecraft:deaths":16,"minecraft:walk_under_water_one_cm":1047,"minecraft:jump":429,"minecraft:walk_on_water_one_cm":4210,"minecraft:total_world_time":37197,"minecraft:fall_one_cm":8168}},"DataVersion":3465}