{"stats":{"minecraft:picked_up":{"minecraft:book":16,"minecraft:iron_chestplate":1,"minecraft:nether_quartz_ore":17,"minecraft:azure_bluet":6,"minecraft:golden_pickaxe":2,"minecraft:diamond_sword":1,"minecraft:dandelion":13,"minecraft:quartz":31,"minecraft:golden_shovel":2,"minecraft:golden_axe":1,"minecraft:cookie":15,"minecraft:golden_sword":1,"minecraft:magenta_terracotta":3,"minecraft:lapis_lazuli":10,"minecraft:spider_eye":1,"minecraft:string":5,"lucky:lucky_bow":1,"lucky:lucky_potion":27,"minecraft:iron_leggings":1,"minecraft:quartz_block":22,"minecraft:quartz_slab":5,"minecraft:diamond_chestplate":1,"minecraft:rotten_flesh":4,"minecraft:bone":3,"minecraft:sugar":13,"minecraft:blue_orchid":8,"minecraft:diamond":18,"minecraft:slime_block":8,"minecraft:emerald":23,"minecraft:golden_hoe":1,"minecraft:gold_ingot":24,"lucky:lucky_sword":3,"minecraft:iron_helmet":1,"minecraft:iron_ingot":20,"minecraft:golden_apple":3,"minecraft:bone_meal":11,"minecraft:saddle":1,"minecraft:enchanted_golden_apple":2,"minecraft:poppy":2,"minecraft:sponge":1,"minecraft:quartz_stairs":17,"minecraft:iron_sword":1,"minecraft:nether_star":1,"minecraft:iron_boots":1,"minecraft:oxeye_daisy":9},"minecraft:mined":{"minecraft:cobweb":1,"minecraft:glass":4,"minecraft:slime_block":4,"lucky:lucky_block":60},"minecraft:killed":{"minecraft:skeleton":1},"minecraft:used":{"lucky:lucky_sword":67,"minecraft:diamond_sword":13,"minecraft:golden_sword":1,"minecraft:iron_chestplate":1,"minecraft:golden_hoe":2,"minecraft:golden_shovel":1,"lucky:lucky_potion":15,"minecraft:enchanted_golden_apple":1,"minecraft:golden_pickaxe":4},"minecraft:dropped":{"minecraft:oxeye_daisy":9,"minecraft:poppy":2,"minecraft:golden_pickaxe":1,"minecraft:quartz_block":18,"minecraft:quartz_stairs":17,"minecraft:rotten_flesh":4,"minecraft:bone_meal":11,"minecraft:blue_orchid":8,"minecraft:sugar":13,"minecraft:golden_shovel":1,"minecraft:nether_quartz_ore":17,"minecraft:string":4,"minecraft:quartz":31,"lucky:lucky_sword":1,"minecraft:bone":2,"minecraft:quartz_slab":5},"minecraft:custom":{"minecraft:time_since_rest":2351,"minecraft:damage_absorbed":160,"minecraft:sprint_one_cm":36425,"minecraft:damage_taken":1972,"minecraft:walk_one_cm":46054,"minecraft:mob_kills":1,"minecraft:drop":99,"minecraft:damage_dealt":1312,"minecraft:fly_one_cm":32130,"minecraft:open_chest":3,"minecraft:crouch_one_cm":602,"minecraft:play_time":13197,"minecraft:deaths":4,"minecraft:sneak_time":101,"minecraft:walk_under_water_one_cm":735,"minecraft:jump":149,"minecraft:time_since_death":2344,"minecraft:damage_resisted":148,"minecraft:climb_one_cm":204,"minecraft:total_world_time":13197,"minecraft:fall_one_cm":2900}},"DataVersion":3465}