{"stats":{"minecraft:mined":{"minecraft:deepslate_diamond_ore":25,"minecraft:oak_door":2,"minecraft:obsidian":6,"minecraft:budding_amethyst":1,"minecraft:spawner":1,"minecraft:hay_block":9,"minecraft:furnace":14,"minecraft:iron_ore":64,"minecraft:deepslate_lapis_ore":2,"minecraft:stripped_oak_log":1,"minecraft:stone":110,"minecraft:crafting_table":11,"minecraft:short_grass":3,"minecraft:calcite":1,"minecraft:tall_grass":1,"minecraft:cobblestone":8,"minecraft:oak_planks":3,"minecraft:amethyst_block":2,"minecraft:seagrass":2,"minecraft:oak_log":29,"minecraft:coal_ore":26,"minecraft:gravel":1,"minecraft:dirt":1,"minecraft:cobweb":17,"minecraft:smooth_basalt":1,"minecraft:deepslate":56},"minecraft:custom":{"minecraft:mob_kills":23,"minecraft:interact_with_crafting_table":34,"minecraft:leave_game":2,"minecraft:time_since_death":1807,"minecraft:sprint_one_cm":235918,"minecraft:walk_one_cm":150553,"minecraft:damage_blocked_by_shield":910,"minecraft:drop":79,"minecraft:play_time":85502,"minecraft:deaths":18,"minecraft:sneak_time":4547,"minecraft:walk_under_water_one_cm":22880,"minecraft:jump":1819,"minecraft:walk_on_water_one_cm":28608,"minecraft:enchant_item":6,"minecraft:total_world_time":85502,"minecraft:interact_with_furnace":56,"minecraft:time_since_rest":1869,"minecraft:damage_taken":7079,"minecraft:damage_dealt":5745,"minecraft:swim_one_cm":46773,"minecraft:fly_one_cm":354304,"minecraft:open_chest":5,"minecraft:crouch_one_cm":9842,"minecraft:fall_one_cm":73201},"minecraft:used":{"minecraft:enchanting_table":1,"minecraft:stone_sword":2,"minecraft:shield":20,"minecraft:iron_sword":118,"minecraft:stone_hoe":10,"minecraft:iron_chestplate":1,"minecraft:oak_door":5,"minecraft:torch":1,"minecraft:obsidian":10,"minecraft:wooden_axe":1,"minecraft:iron_axe":18,"minecraft:furnace":16,"minecraft:egg":6,"minecraft:cooked_beef":11,"minecraft:cobbled_deepslate":49,"minecraft:wheat_seeds":2,"minecraft:water_bucket":30,"minecraft:oak_planks":59,"minecraft:crafting_table":14,"minecraft:cod":2,"minecraft:diamond_pickaxe":40,"minecraft:bread":14,"minecraft:iron_pickaxe":282,"minecraft:gravel":1,"minecraft:stone_axe":47,"minecraft:diamond_sword":5,"minecraft:cobblestone":55,"minecraft:bucket":31,"minecraft:stripped_oak_log":1},"minecraft:dropped":{"minecraft:water_bucket":1,"minecraft:stone_hoe":1,"minecraft:iron_sword":1,"minecraft:wheat_seeds":4,"minecraft:lapis_lazuli":10,"minecraft:crafting_table":1,"minecraft:iron_helmet":1,"minecraft:leather":2,"minecraft:tropical_fish":3,"minecraft:cod":2,"minecraft:stick":8,"minecraft:ink_sac":2,"minecraft:mutton":3,"minecraft:wooden_axe":2,"minecraft:iron_leggings":1,"minecraft:iron_pickaxe":3,"minecraft:sugar":1,"minecraft:string":36,"minecraft:white_wool":2,"minecraft:dandelion":10,"minecraft:bone":11,"minecraft:redstone":4,"minecraft:stone_axe":1,"minecraft:stone_sword":1,"minecraft:cobbled_deepslate":6,"minecraft:raw_iron":45,"minecraft:rotten_flesh":18,"minecraft:oak_planks":9,"minecraft:iron_boots":1,"minecraft:poppy":2,"minecraft:gunpowder":3,"minecraft:iron_chestplate":2,"minecraft:beetroot_seeds":3,"minecraft:music_disc_mall":1,"minecraft:leather_boots":1,"minecraft:leather_leggings":1,"minecraft:arrow":15},"minecraft:picked_up":{"minecraft:wooden_axe":1,"minecraft:crafting_table":11,"minecraft:iron_chestplate":1,"minecraft:chicken":3,"minecraft:amethyst_block":2,"minecraft:string":36,"minecraft:cobbled_deepslate":56,"minecraft:beef":19,"minecraft:calcite":1,"minecraft:poppy":2,"minecraft:iron_pickaxe":1,"minecraft:egg":6,"minecraft:furnace":14,"minecraft:raw_iron":139,"minecraft:oak_door":2,"minecraft:torch":1,"minecraft:redstone":4,"minecraft:arrow":15,"minecraft:rotten_flesh":18,"minecraft:tropical_fish":6,"minecraft:beetroot_seeds":3,"minecraft:hay_block":9,"minecraft:obsidian":14,"minecraft:mutton":3,"minecraft:white_wool":2,"minecraft:cod":5,"minecraft:cobblestone":122,"minecraft:stripped_oak_log":1,"minecraft:feather":6,"minecraft:glow_ink_sac":1,"minecraft:water_bucket":1,"minecraft:leather":13,"minecraft:filled_map":1,"minecraft:oak_log":32,"minecraft:gunpowder":5,"minecraft:lapis_lazuli":20,"minecraft:dirt":1,"minecraft:bone":11,"minecraft:bow":1,"minecraft:wheat_seeds":7,"minecraft:iron_ingot":4,"minecraft:rabbit":2,"minecraft:oak_planks":3,"minecraft:book":2,"minecraft:smooth_basalt":1,"minecraft:dandelion":10,"minecraft:gravel":2,"minecraft:ink_sac":5,"minecraft:music_disc_mall":1,"minecraft:sugar":1,"minecraft:diamond":25,"minecraft:coal":78},"minecraft:crafted":{"minecraft:oak_door":3,"minecraft:oak_planks":128,"minecraft:leather_leggings":1,"minecraft:leather_boots":1,"minecraft:furnace":5,"minecraft:diamond_helmet":1,"minecraft:iron_boots":1,"minecraft:iron_axe":1,"minecraft:diamond_boots":1,"minecraft:stone_hoe":1,"minecraft:wheat":81,"minecraft:cooked_beef":19,"minecraft:diamond_sword":1,"minecraft:crafting_table":4,"minecraft:enchanting_table":1,"minecraft:iron_helmet":1,"minecraft:iron_sword":1,"minecraft:bucket":1,"minecraft:stone_axe":1,"minecraft:bread":27,"minecraft:air":0,"minecraft:diamond_pickaxe":1,"minecraft:shield":1,"minecraft:stick":24,"minecraft:iron_ingot":40,"minecraft:iron_pickaxe":1,"minecraft:wooden_axe":1,"minecraft:stone_sword":1,"minecraft:iron_leggings":2,"minecraft:diamond_chestplate":1},"minecraft:killed":{"minecraft:witch":1,"minecraft:spider":2,"minecraft:skeleton":9,"minecraft:bat":1,"minecraft:zombie":10},"minecraft:killed_by":{"minecraft:player":1,"minecraft:creeper":3,"minecraft:bogged":1,"minecraft:skeleton":6,"minecraft:zombie":3}},"DataVersion":3953}