{"stats":{"minecraft:mined":{"minecraft:deepslate_diamond_ore":25,"minecraft:obsidian":5,"minecraft:crafting_table":11,"minecraft:short_grass":2,"minecraft:tall_grass":1,"minecraft:cobblestone":4,"minecraft:oak_planks":3,"minecraft:spawner":1,"minecraft:seagrass":1,"minecraft:hay_block":9,"minecraft:furnace":14,"minecraft:iron_ore":64,"minecraft:deepslate_lapis_ore":2,"minecraft:coal_ore":26,"minecraft:oak_log":29,"minecraft:stripped_oak_log":1,"minecraft:cobweb":17,"minecraft:stone":87,"minecraft:deepslate":55},"minecraft:custom":{"minecraft:interact_with_furnace":56,"minecraft:mob_kills":21,"minecraft:interact_with_crafting_table":28,"minecraft:leave_game":2,"minecraft:time_since_death":7578,"minecraft:time_since_rest":7588,"minecraft:sprint_one_cm":219639,"minecraft:damage_taken":6034,"minecraft:walk_one_cm":136236,"minecraft:damage_blocked_by_shield":690,"minecraft:drop":72,"minecraft:damage_dealt":5484,"minecraft:swim_one_cm":21345,"minecraft:fly_one_cm":330421,"minecraft:open_chest":4,"minecraft:crouch_one_cm":9206,"minecraft:play_time":73502,"minecraft:deaths":15,"minecraft:sneak_time":3717,"minecraft:walk_under_water_one_cm":14064,"minecraft:jump":1703,"minecraft:walk_on_water_one_cm":24685,"minecraft:total_world_time":73502,"minecraft:fall_one_cm":68076},"minecraft:used":{"minecraft:wheat_seeds":2,"minecraft:water_bucket":26,"minecraft:stone_sword":2,"minecraft:oak_planks":54,"minecraft:shield":13,"minecraft:iron_sword":115,"minecraft:stone_hoe":10,"minecraft:iron_chestplate":1,"minecraft:oak_door":3,"minecraft:torch":1,"minecraft:crafting_table":14,"minecraft:cod":2,"minecraft:obsidian":10,"minecraft:wooden_axe":1,"minecraft:diamond_pickaxe":5,"minecraft:iron_axe":16,"minecraft:bread":14,"minecraft:iron_pickaxe":282,"minecraft:gravel":1,"minecraft:stone_axe":47,"minecraft:cobblestone":51,"minecraft:furnace":16,"minecraft:bucket":27,"minecraft:cobbled_deepslate":49,"minecraft:egg":6,"minecraft:stripped_oak_log":1,"minecraft:cooked_beef":9},"minecraft:dropped":{"minecraft:stone_hoe":1,"minecraft:stone_axe":1,"minecraft:wheat_seeds":4,"minecraft:stone_sword":1,"minecraft:cobbled_deepslate":6,"minecraft:crafting_table":1,"minecraft:raw_iron":45,"minecraft:rotten_flesh":18,"minecraft:oak_planks":9,"minecraft:leather":2,"minecraft:tropical_fish":3,"minecraft:cod":2,"minecraft:stick":8,"minecraft:poppy":2,"minecraft:gunpowder":3,"minecraft:ink_sac":2,"minecraft:mutton":3,"minecraft:iron_chestplate":1,"minecraft:beetroot_seeds":3,"minecraft:wooden_axe":2,"minecraft:music_disc_mall":1,"minecraft:leather_boots":1,"minecraft:leather_leggings":1,"minecraft:arrow":15,"minecraft:sugar":1,"minecraft:iron_pickaxe":3,"minecraft:string":36,"minecraft:white_wool":2,"minecraft:dandelion":10,"minecraft:redstone":4,"minecraft:bone":11,"minecraft:water_bucket":1},"minecraft:picked_up":{"minecraft:wooden_axe":1,"minecraft:stripped_oak_log":1,"minecraft:iron_chestplate":1,"minecraft:crafting_table":11,"minecraft:feather":6,"minecraft:chicken":3,"minecraft:water_bucket":1,"minecraft:glow_ink_sac":1,"minecraft:leather":13,"minecraft:filled_map":1,"minecraft:oak_log":32,"minecraft:gunpowder":5,"minecraft:lapis_lazuli":20,"minecraft:string":36,"minecraft:bone":11,"minecraft:bow":1,"minecraft:wheat_seeds":7,"minecraft:cobbled_deepslate":55,"minecraft:beef":19,"minecraft:iron_ingot":4,"minecraft:poppy":2,"minecraft:iron_pickaxe":1,"minecraft:rabbit":2,"minecraft:oak_planks":3,"minecraft:furnace":14,"minecraft:egg":6,"minecraft:book":2,"minecraft:raw_iron":139,"minecraft:torch":1,"minecraft:dandelion":10,"minecraft:gravel":1,"minecraft:ink_sac":5,"minecraft:redstone":4,"minecraft:music_disc_mall":1,"minecraft:arrow":15,"minecraft:sugar":1,"minecraft:rotten_flesh":18,"minecraft:diamond":25,"minecraft:tropical_fish":6,"minecraft:beetroot_seeds":3,"minecraft:hay_block":9,"minecraft:coal":78,"minecraft:mutton":3,"minecraft:obsidian":13,"minecraft:cod":5,"minecraft:cobblestone":98,"minecraft:white_wool":2},"minecraft:crafted":{"minecraft:cooked_beef":19,"minecraft:oak_door":3,"minecraft:oak_planks":128,"minecraft:leather_leggings":1,"minecraft:leather_boots":1,"minecraft:crafting_table":4,"minecraft:iron_helmet":1,"minecraft:iron_sword":1,"minecraft:furnace":5,"minecraft:bucket":1,"minecraft:stone_axe":1,"minecraft:air":0,"minecraft:bread":27,"minecraft:iron_boots":1,"minecraft:diamond_pickaxe":1,"minecraft:shield":1,"minecraft:iron_axe":1,"minecraft:stick":24,"minecraft:iron_ingot":40,"minecraft:iron_pickaxe":1,"minecraft:wooden_axe":1,"minecraft:stone_sword":1,"minecraft:iron_leggings":1,"minecraft:stone_hoe":1,"minecraft:wheat":81},"minecraft:killed":{"minecraft:witch":1,"minecraft:spider":2,"minecraft:bat":1,"minecraft:skeleton":9,"minecraft:zombie":8},"minecraft:killed_by":{"minecraft:player":1,"minecraft:skeleton":6,"minecraft:creeper":3,"minecraft:zombie":2}},"DataVersion":3953}