{"stats":{"minecraft:mined":{"minecraft:crafting_table":5,"minecraft:short_grass":2,"minecraft:tall_grass":1,"minecraft:cobblestone":4,"minecraft:oak_planks":1,"minecraft:hay_block":9,"minecraft:oak_log":23,"minecraft:stripped_oak_log":1},"minecraft:custom":{"minecraft:interact_with_crafting_table":10,"minecraft:leave_game":2,"minecraft:time_since_death":2372,"minecraft:time_since_rest":2411,"minecraft:sprint_one_cm":35010,"minecraft:damage_taken":1385,"minecraft:walk_one_cm":22605,"minecraft:drop":25,"minecraft:damage_dealt":359,"minecraft:swim_one_cm":11806,"minecraft:fly_one_cm":75254,"minecraft:open_chest":1,"minecraft:crouch_one_cm":194,"minecraft:play_time":13502,"minecraft:deaths":5,"minecraft:sneak_time":130,"minecraft:walk_under_water_one_cm":1983,"minecraft:jump":287,"minecraft:walk_on_water_one_cm":5709,"minecraft:total_world_time":13502,"minecraft:fall_one_cm":8574},"minecraft:used":{"minecraft:wheat_seeds":2,"minecraft:oak_planks":1,"minecraft:iron_sword":1,"minecraft:stone_hoe":10,"minecraft:iron_chestplate":1,"minecraft:torch":1,"minecraft:crafting_table":6,"minecraft:cod":2,"minecraft:obsidian":6,"minecraft:wooden_axe":1,"minecraft:iron_pickaxe":7,"minecraft:gravel":1,"minecraft:stone_axe":32,"minecraft:cobblestone":2,"minecraft:bucket":1,"minecraft:stripped_oak_log":1},"minecraft:dropped":{"minecraft:rotten_flesh":7,"minecraft:tropical_fish":3,"minecraft:cod":2,"minecraft:stick":2,"minecraft:poppy":2,"minecraft:gunpowder":3,"minecraft:ink_sac":2,"minecraft:mutton":3,"minecraft:iron_chestplate":1,"minecraft:wooden_axe":2,"minecraft:music_disc_mall":1,"minecraft:arrow":6,"minecraft:iron_pickaxe":1,"minecraft:white_wool":2,"minecraft:bone":2},"minecraft:picked_up":{"minecraft:wooden_axe":1,"minecraft:stripped_oak_log":1,"minecraft:iron_chestplate":1,"minecraft:crafting_table":5,"minecraft:feather":6,"minecraft:chicken":3,"minecraft:glow_ink_sac":1,"minecraft:leather":13,"minecraft:oak_log":26,"minecraft:gunpowder":3,"minecraft:bone":2,"minecraft:wheat_seeds":2,"minecraft:beef":19,"minecraft:iron_ingot":4,"minecraft:poppy":2,"minecraft:iron_pickaxe":1,"minecraft:rabbit":2,"minecraft:oak_planks":1,"minecraft:egg":6,"minecraft:torch":1,"minecraft:dandelion":4,"minecraft:gravel":1,"minecraft:ink_sac":5,"minecraft:music_disc_mall":1,"minecraft:arrow":6,"minecraft:rotten_flesh":7,"minecraft:tropical_fish":6,"minecraft:beetroot_seeds":3,"minecraft:hay_block":9,"minecraft:mutton":3,"minecraft:obsidian":6,"minecraft:cod":5,"minecraft:cobblestone":7,"minecraft:white_wool":2},"minecraft:crafted":{"minecraft:oak_planks":104,"minecraft:leather_leggings":1,"minecraft:leather_boots":1,"minecraft:crafting_table":2,"minecraft:bucket":1,"minecraft:stone_axe":1,"minecraft:bread":27,"minecraft:stick":8,"minecraft:wooden_axe":1,"minecraft:stone_hoe":1,"minecraft:wheat":81},"minecraft:killed_by":{"minecraft:skeleton":2,"minecraft:creeper":2,"minecraft:zombie":1}},"DataVersion":3953}