{"stats":{"minecraft:mined":{"minecraft:deepslate_diamond_ore":16,"minecraft:crafting_table":9,"minecraft:short_grass":2,"minecraft:tall_grass":1,"minecraft:cobblestone":4,"minecraft:oak_planks":3,"minecraft:spawner":1,"minecraft:hay_block":9,"minecraft:furnace":14,"minecraft:iron_ore":64,"minecraft:deepslate_lapis_ore":2,"minecraft:coal_ore":26,"minecraft:oak_log":29,"minecraft:stripped_oak_log":1,"minecraft:cobweb":17,"minecraft:stone":87,"minecraft:deepslate":26},"minecraft:custom":{"minecraft:interact_with_furnace":56,"minecraft:mob_kills":13,"minecraft:interact_with_crafting_table":21,"minecraft:leave_game":2,"minecraft:time_since_death":928,"minecraft:time_since_rest":935,"minecraft:sprint_one_cm":153661,"minecraft:damage_taken":4528,"minecraft:walk_one_cm":95709,"minecraft:damage_blocked_by_shield":525,"minecraft:drop":61,"minecraft:damage_dealt":3598,"minecraft:swim_one_cm":12267,"minecraft:fly_one_cm":224134,"minecraft:open_chest":1,"minecraft:crouch_one_cm":4935,"minecraft:play_time":49502,"minecraft:deaths":12,"minecraft:sneak_time":1802,"minecraft:walk_under_water_one_cm":2539,"minecraft:jump":1152,"minecraft:walk_on_water_one_cm":11162,"minecraft:total_world_time":49502,"minecraft:fall_one_cm":48778},"minecraft:used":{"minecraft:wheat_seeds":2,"minecraft:water_bucket":16,"minecraft:stone_sword":2,"minecraft:oak_planks":31,"minecraft:shield":9,"minecraft:iron_sword":76,"minecraft:stone_hoe":10,"minecraft:iron_chestplate":1,"minecraft:torch":1,"minecraft:crafting_table":10,"minecraft:cod":2,"minecraft:obsidian":6,"minecraft:wooden_axe":1,"minecraft:iron_axe":9,"minecraft:bread":7,"minecraft:iron_pickaxe":244,"minecraft:gravel":1,"minecraft:stone_axe":47,"minecraft:cobblestone":51,"minecraft:furnace":16,"minecraft:bucket":17,"minecraft:cobbled_deepslate":26,"minecraft:egg":6,"minecraft:stripped_oak_log":1,"minecraft:cooked_beef":5},"minecraft:dropped":{"minecraft:stone_hoe":1,"minecraft:stone_axe":1,"minecraft:stone_sword":1,"minecraft:raw_iron":25,"minecraft:rotten_flesh":14,"minecraft:oak_planks":9,"minecraft:leather":2,"minecraft:tropical_fish":3,"minecraft:cod":2,"minecraft:stick":5,"minecraft:poppy":2,"minecraft:gunpowder":3,"minecraft:ink_sac":2,"minecraft:mutton":3,"minecraft:iron_chestplate":1,"minecraft:beetroot_seeds":3,"minecraft:wooden_axe":2,"minecraft:music_disc_mall":1,"minecraft:leather_boots":1,"minecraft:leather_leggings":1,"minecraft:arrow":7,"minecraft:sugar":1,"minecraft:iron_pickaxe":2,"minecraft:string":18,"minecraft:white_wool":2,"minecraft:dandelion":10,"minecraft:redstone":4,"minecraft:bone":4,"minecraft:water_bucket":1},"minecraft:picked_up":{"minecraft:wooden_axe":1,"minecraft:stripped_oak_log":1,"minecraft:iron_chestplate":1,"minecraft:crafting_table":9,"minecraft:feather":6,"minecraft:chicken":3,"minecraft:water_bucket":1,"minecraft:glow_ink_sac":1,"minecraft:leather":13,"minecraft:oak_log":32,"minecraft:gunpowder":5,"minecraft:lapis_lazuli":11,"minecraft:string":36,"minecraft:bone":11,"minecraft:wheat_seeds":5,"minecraft:cobbled_deepslate":26,"minecraft:beef":19,"minecraft:iron_ingot":4,"minecraft:poppy":2,"minecraft:iron_pickaxe":1,"minecraft:rabbit":2,"minecraft:oak_planks":3,"minecraft:furnace":14,"minecraft:egg":6,"minecraft:raw_iron":118,"minecraft:torch":1,"minecraft:dandelion":10,"minecraft:gravel":1,"minecraft:ink_sac":5,"minecraft:redstone":4,"minecraft:music_disc_mall":1,"minecraft:arrow":12,"minecraft:sugar":1,"minecraft:rotten_flesh":14,"minecraft:diamond":16,"minecraft:tropical_fish":6,"minecraft:beetroot_seeds":3,"minecraft:hay_block":9,"minecraft:coal":78,"minecraft:mutton":3,"minecraft:obsidian":6,"minecraft:cod":5,"minecraft:cobblestone":98,"minecraft:white_wool":2},"minecraft:crafted":{"minecraft:cooked_beef":19,"minecraft:oak_planks":128,"minecraft:leather_leggings":1,"minecraft:leather_boots":1,"minecraft:crafting_table":2,"minecraft:iron_helmet":1,"minecraft:iron_sword":1,"minecraft:furnace":5,"minecraft:bucket":1,"minecraft:stone_axe":1,"minecraft:air":0,"minecraft:bread":27,"minecraft:iron_boots":1,"minecraft:shield":1,"minecraft:iron_axe":1,"minecraft:stick":20,"minecraft:iron_ingot":40,"minecraft:iron_pickaxe":1,"minecraft:wooden_axe":1,"minecraft:stone_sword":1,"minecraft:iron_leggings":1,"minecraft:stone_hoe":1,"minecraft:wheat":81},"minecraft:killed":{"minecraft:witch":1,"minecraft:spider":1,"minecraft:bat":1,"minecraft:skeleton":7,"minecraft:zombie":3},"minecraft:killed_by":{"minecraft:player":1,"minecraft:skeleton":6,"minecraft:creeper":3,"minecraft:zombie":1}},"DataVersion":3953}