{"stats":{"minecraft:mined":{"minecraft:crafting_table":7,"minecraft:short_grass":2,"minecraft:tall_grass":1,"minecraft:cobblestone":4,"minecraft:oak_planks":2,"minecraft:hay_block":9,"minecraft:furnace":5,"minecraft:iron_ore":26,"minecraft:coal_ore":26,"minecraft:oak_log":23,"minecraft:stripped_oak_log":1,"minecraft:stone":68},"minecraft:custom":{"minecraft:interact_with_furnace":12,"minecraft:mob_kills":3,"minecraft:interact_with_crafting_table":15,"minecraft:leave_game":2,"minecraft:time_since_death":2541,"minecraft:time_since_rest":2575,"minecraft:sprint_one_cm":58562,"minecraft:damage_taken":2335,"minecraft:walk_one_cm":43269,"minecraft:drop":42,"minecraft:damage_dealt":981,"minecraft:swim_one_cm":11806,"minecraft:fly_one_cm":108961,"minecraft:open_chest":1,"minecraft:crouch_one_cm":1376,"minecraft:play_time":25502,"minecraft:deaths":7,"minecraft:sneak_time":643,"minecraft:walk_under_water_one_cm":1983,"minecraft:jump":504,"minecraft:walk_on_water_one_cm":7385,"minecraft:total_world_time":25502,"minecraft:fall_one_cm":20024},"minecraft:used":{"minecraft:wheat_seeds":2,"minecraft:water_bucket":3,"minecraft:oak_planks":27,"minecraft:iron_sword":1,"minecraft:stone_hoe":10,"minecraft:iron_chestplate":1,"minecraft:torch":1,"minecraft:crafting_table":8,"minecraft:cod":2,"minecraft:obsidian":6,"minecraft:wooden_axe":1,"minecraft:bread":4,"minecraft:iron_pickaxe":132,"minecraft:gravel":1,"minecraft:stone_axe":47,"minecraft:cobblestone":15,"minecraft:furnace":5,"minecraft:bucket":4,"minecraft:egg":6,"minecraft:stripped_oak_log":1},"minecraft:dropped":{"minecraft:stone_hoe":1,"minecraft:raw_iron":8,"minecraft:rotten_flesh":11,"minecraft:oak_planks":9,"minecraft:tropical_fish":3,"minecraft:cod":2,"minecraft:stick":2,"minecraft:poppy":2,"minecraft:gunpowder":3,"minecraft:ink_sac":2,"minecraft:mutton":3,"minecraft:iron_chestplate":1,"minecraft:wooden_axe":2,"minecraft:music_disc_mall":1,"minecraft:leather_boots":1,"minecraft:leather_leggings":1,"minecraft:arrow":6,"minecraft:iron_pickaxe":1,"minecraft:white_wool":2,"minecraft:bone":2},"minecraft:picked_up":{"minecraft:wooden_axe":1,"minecraft:stripped_oak_log":1,"minecraft:iron_chestplate":1,"minecraft:crafting_table":7,"minecraft:feather":6,"minecraft:chicken":3,"minecraft:glow_ink_sac":1,"minecraft:leather":13,"minecraft:oak_log":26,"minecraft:gunpowder":3,"minecraft:bone":4,"minecraft:wheat_seeds":2,"minecraft:beef":19,"minecraft:iron_ingot":4,"minecraft:poppy":2,"minecraft:iron_pickaxe":1,"minecraft:rabbit":2,"minecraft:oak_planks":2,"minecraft:furnace":5,"minecraft:egg":6,"minecraft:raw_iron":28,"minecraft:torch":1,"minecraft:dandelion":4,"minecraft:gravel":1,"minecraft:ink_sac":5,"minecraft:redstone":4,"minecraft:music_disc_mall":1,"minecraft:arrow":7,"minecraft:sugar":1,"minecraft:rotten_flesh":11,"minecraft:tropical_fish":6,"minecraft:beetroot_seeds":3,"minecraft:hay_block":9,"minecraft:coal":51,"minecraft:mutton":3,"minecraft:obsidian":6,"minecraft:cod":5,"minecraft:cobblestone":81,"minecraft:white_wool":2},"minecraft:crafted":{"minecraft:oak_planks":104,"minecraft:leather_leggings":1,"minecraft:leather_boots":1,"minecraft:crafting_table":2,"minecraft:iron_helmet":1,"minecraft:furnace":5,"minecraft:bucket":1,"minecraft:stone_axe":1,"minecraft:air":0,"minecraft:bread":27,"minecraft:iron_boots":1,"minecraft:stick":12,"minecraft:iron_ingot":15,"minecraft:wooden_axe":1,"minecraft:stone_sword":1,"minecraft:iron_leggings":1,"minecraft:stone_hoe":1,"minecraft:wheat":81},"minecraft:killed":{"minecraft:witch":1,"minecraft:skeleton":2},"minecraft:killed_by":{"minecraft:player":1,"minecraft:skeleton":2,"minecraft:creeper":2,"minecraft:zombie":1}},"DataVersion":3953}