{"stats":{"minecraft:custom":{"minecraft:time_since_rest":404,"minecraft:open_chest":1,"minecraft:deaths":1,"minecraft:play_time":4208,"minecraft:sprint_one_cm":11117,"minecraft:damage_taken":231,"minecraft:walk_one_cm":4862,"minecraft:walk_under_water_one_cm":367,"minecraft:drop":2,"minecraft:jump":96,"minecraft:damage_dealt":90,"minecraft:leave_game":1,"minecraft:time_since_death":0,"minecraft:walk_on_water_one_cm":4602,"minecraft:total_world_time":4208,"minecraft:fall_one_cm":3971,"minecraft:fly_one_cm":27666},"minecraft:used":{"minecraft:iron_chestplate":1,"minecraft:iron_sword":1},"minecraft:dropped":{"minecraft:iron_pickaxe":1,"minecraft:iron_chestplate":1},"minecraft:picked_up":{"minecraft:feather":6,"minecraft:chicken":3,"minecraft:glow_ink_sac":1,"minecraft:tropical_fish":3,"minecraft:ink_sac":3,"minecraft:rabbit":2,"minecraft:cod":1},"minecraft:killed_by":{"minecraft:skeleton":1}},"DataVersion":3953}