{"stats":{"minecraft:killed_by":{"minecraft:player":1,"minecraft:spider":2,"minecraft:slime":1,"minecraft:skeleton":1,"minecraft:zombie":1},"minecraft:broken":{"minecraft:diamond_leggings":1,"minecraft:golden_sword":1,"minecraft:golden_axe":1,"minecraft:leather_boots":1},"minecraft:picked_up":{"minecraft:fishing_rod":2,"minecraft:iron_chestplate":3,"minecraft:coarse_dirt":1,"minecraft:prismarine_shard":16,"minecraft:ender_chest":4,"minecraft:azure_bluet":4,"minecraft:redstone_lamp":4,"minecraft:splash_potion":1,"minecraft:leather_leggings":2,"minecraft:anvil":1,"minecraft:rabbit_stew":8,"minecraft:golden_pickaxe":1,"minecraft:diamond_sword":1,"minecraft:pink_wool":4,"minecraft:enchanted_book":19,"minecraft:golden_shovel":1,"minecraft:golden_sword":1,"minecraft:heavy_weighted_pressure_plate":1,"minecraft:cornflower":10,"minecraft:oak_trapdoor":2,"minecraft:string":31,"lucky:lucky_potion":40,"minecraft:wooden_sword":1,"minecraft:iron_leggings":1,"minecraft:sticky_piston":4,"minecraft:iron_shovel":1,"minecraft:magenta_wool":1,"minecraft:oak_sign":1,"minecraft:diamond_leggings":2,"minecraft:comparator":2,"lucky:lucky_sword":3,"minecraft:light_weighted_pressure_plate":1,"minecraft:sugar_cane":2,"minecraft:poppy":3,"minecraft:iron_pickaxe":2,"minecraft:light_gray_wool":8,"minecraft:enchanted_golden_apple":2,"minecraft:piston":4,"minecraft:spruce_trapdoor":6,"minecraft:blue_wool":2,"minecraft:golden_helmet":1,"minecraft:jukebox":1,"minecraft:music_disc_mellohi":2,"minecraft:porkchop":20,"minecraft:golden_axe":2,"minecraft:stone_button":2,"minecraft:cookie":6,"minecraft:carrot":1,"minecraft:trident":1,"minecraft:redstone":110,"minecraft:prismarine_crystals":20,"minecraft:golden_chestplate":1,"minecraft:iron_horse_armor":1,"minecraft:stone_pressure_plate":2,"minecraft:tnt":6,"minecraft:diamond_chestplate":1,"minecraft:arrow":57,"minecraft:rotten_flesh":25,"minecraft:light_blue_wool":2,"minecraft:tropical_fish":2,"minecraft:golden_hoe":1,"minecraft:sandstone_stairs":2,"minecraft:bookshelf":17,"minecraft:yellow_terracotta":8,"minecraft:saddle":3,"minecraft:green_wool":14,"minecraft:gold_ingot":47,"minecraft:iron_bars":2,"minecraft:mutton":1,"minecraft:white_wool":1,"minecraft:oxeye_daisy":3,"minecraft:enchanting_table":1,"minecraft:leather_chestplate":1,"minecraft:feather":1,"minecraft:cooked_beef":2,"minecraft:golden_carrot":11,"minecraft:salmon":3,"minecraft:leather":2,"minecraft:brown_wool":1,"minecraft:end_portal_frame":6,"minecraft:potato":63,"minecraft:lapis_lazuli":48,"minecraft:dirt":11,"lucky:lucky_bow":10,"minecraft:cooked_mutton":2,"minecraft:leather_boots":1,"minecraft:bone":35,"minecraft:bow":2,"minecraft:wheat_seeds":15,"minecraft:oak_fence_gate":1,"minecraft:rabbit_hide":7,"minecraft:cooked_chicken":1,"minecraft:diamond_helmet":1,"minecraft:rabbit":11,"minecraft:glass_bottle":3,"minecraft:prismarine":19,"minecraft:book":20,"minecraft:cooked_porkchop":7,"minecraft:red_wool":1,"minecraft:oak_pressure_plate":2,"minecraft:poisonous_potato":32,"minecraft:dropper":3,"minecraft:melon":2,"minecraft:fermented_spider_eye":8,"minecraft:diamond_block":3,"minecraft:sea_lantern":6,"minecraft:spider_eye":17,"minecraft:leather_helmet":1,"minecraft:iron_hoe":1,"minecraft:diamond_shovel":1,"minecraft:dispenser":2,"minecraft:sugar":18,"minecraft:slime_ball":2,"minecraft:diamond":54,"minecraft:lever":2,"minecraft:iron_helmet":2,"minecraft:crossbow":1,"minecraft:diamond_axe":3,"minecraft:painting":4,"minecraft:bone_meal":10,"minecraft:golden_apple":4,"minecraft:emerald":28,"minecraft:baked_potato":9,"minecraft:diamond_pickaxe":1},"minecraft:mined":{"minecraft:oxeye_daisy":1,"minecraft:sandstone_stairs":2,"minecraft:diamond_block":3,"minecraft:oak_sign":1,"minecraft:iron_bars":2,"lucky:lucky_block":157,"minecraft:quartz_block":1,"minecraft:dandelion":3,"minecraft:cornflower":1,"minecraft:torch":1,"minecraft:poppy":2,"minecraft:chest":1,"minecraft:glass":3,"minecraft:tall_grass":20,"minecraft:grass":38,"minecraft:cobweb":6},"minecraft:crafted":{"minecraft:diamond":27,"minecraft:diamond_helmet":3,"minecraft:diamond_leggings":1,"minecraft:diamond_boots":2,"minecraft:splash_potion":2,"minecraft:air":0,"minecraft:diamond_chestplate":2},"minecraft:killed":{"minecraft:cave_spider":2,"minecraft:witch":1,"minecraft:spider":13,"minecraft:slime":15,"minecraft:chicken":3,"minecraft:silverfish":4,"minecraft:skeleton_horse":1,"minecraft:cat":2,"minecraft:rabbit":1,"minecraft:creeper":1,"minecraft:zombie":8,"minecraft:ghast":1},"minecraft:used":{"minecraft:enchanting_table":1,"minecraft:tropical_fish":1,"minecraft:ender_chest":4,"minecraft:iron_chestplate":1,"minecraft:anvil":1,"minecraft:bookshelf":6,"lucky:lucky_block":64,"minecraft:iron_helmet":1,"minecraft:golden_sword":32,"minecraft:magenta_wool":1,"lucky:lucky_potion":40,"minecraft:enchanted_golden_apple":24,"minecraft:iron_leggings":1,"minecraft:golden_axe":16,"minecraft:diamond_axe":50,"lucky:lucky_sword":227,"minecraft:golden_apple":5,"minecraft:yellow_terracotta":1,"minecraft:diamond_pickaxe":11,"minecraft:command_block":1,"minecraft:barrier":12,"minecraft:leather_helmet":1,"minecraft:spruce_trapdoor":3,"minecraft:diamond_sword":255,"minecraft:cooked_porkchop":1,"minecraft:splash_potion":5},"minecraft:dropped":{"minecraft:enchanted_book":17,"minecraft:piston":4,"minecraft:porkchop":10,"minecraft:lapis_lazuli":22,"minecraft:wheat_seeds":15,"minecraft:diamond_axe":2,"minecraft:oak_pressure_plate":2,"minecraft:golden_helmet":1,"minecraft:tnt":6,"minecraft:glass_bottle":2,"minecraft:diamond":21,"minecraft:bookshelf":11,"minecraft:cooked_porkchop":2,"minecraft:sandstone_stairs":2,"minecraft:diamond_leggings":1,"minecraft:prismarine_shard":16,"minecraft:crossbow":1,"minecraft:feather":1,"minecraft:iron_helmet":2,"minecraft:prismarine_crystals":20,"minecraft:book":20,"minecraft:leather":2,"minecraft:red_wool":1,"minecraft:saddle":3,"minecraft:tropical_fish":1,"minecraft:leather_helmet":1,"minecraft:golden_apple":2,"minecraft:light_weighted_pressure_plate":1,"minecraft:emerald":5,"minecraft:oxeye_daisy":2,"minecraft:redstone_lamp":4,"minecraft:melon":2,"minecraft:golden_carrot":11,"minecraft:stone_button":2,"minecraft:dispenser":2,"minecraft:cornflower":10,"minecraft:mutton":1,"minecraft:light_blue_wool":2,"minecraft:rabbit":9,"minecraft:brown_wool":1,"minecraft:diamond_helmet":3,"minecraft:gold_nugget":1,"minecraft:iron_leggings":1,"lucky:lucky_bow":4,"minecraft:wooden_sword":1,"minecraft:sugar":18,"minecraft:iron_pickaxe":1,"minecraft:fishing_rod":1,"minecraft:iron_shovel":1,"minecraft:string":25,"minecraft:white_wool":1,"minecraft:redstone":110,"minecraft:gold_ingot":15,"minecraft:bone":20,"minecraft:green_wool":14,"minecraft:lever":2,"minecraft:oak_trapdoor":2,"minecraft:cooked_chicken":1,"minecraft:golden_chestplate":1,"minecraft:coarse_dirt":1,"minecraft:jukebox":1,"minecraft:sticky_piston":4,"minecraft:blue_wool":2,"minecraft:rotten_flesh":8,"minecraft:light_gray_wool":8,"minecraft:comparator":2,"minecraft:iron_hoe":1,"minecraft:diamond_shovel":1,"minecraft:prismarine":19,"minecraft:cooked_mutton":2,"minecraft:azure_bluet":1,"minecraft:oak_sign":1,"minecraft:carrot":1,"minecraft:salmon":3,"minecraft:poppy":3,"minecraft:rabbit_hide":6,"minecraft:oak_fence_gate":1,"minecraft:leather_chestplate":1,"minecraft:potato":1,"minecraft:diamond_chestplate":2,"minecraft:heavy_weighted_pressure_plate":1,"minecraft:dropper":3,"minecraft:iron_chestplate":2,"minecraft:pink_wool":4,"minecraft:end_portal_frame":6,"minecraft:leather_leggings":2,"minecraft:stone_pressure_plate":2,"minecraft:painting":4,"minecraft:diamond_boots":1,"minecraft:rabbit_stew":1,"minecraft:iron_bars":2,"minecraft:arrow":64,"minecraft:music_disc_mellohi":2,"lucky:lucky_sword":1},"minecraft:custom":{"minecraft:mob_kills":82,"minecraft:interact_with_anvil":14,"minecraft:interact_with_crafting_table":2,"minecraft:eat_cake_slice":1,"minecraft:leave_game":1,"minecraft:time_since_death":27575,"minecraft:damage_resisted":1676,"minecraft:climb_one_cm":2329,"minecraft:sprint_one_cm":148134,"minecraft:walk_one_cm":145893,"minecraft:drop":142,"minecraft:damage_dealt_absorbed":347,"minecraft:talked_to_villager":9,"minecraft:play_time":59996,"minecraft:deaths":10,"minecraft:sneak_time":1179,"minecraft:walk_under_water_one_cm":6542,"minecraft:jump":995,"minecraft:walk_on_water_one_cm":25877,"minecraft:total_world_time":59996,"minecraft:traded_with_villager":6,"minecraft:interact_with_grindstone":1,"minecraft:time_since_rest":27582,"minecraft:open_enderchest":4,"minecraft:damage_taken":6451,"minecraft:damage_absorbed":2351,"minecraft:damage_dealt":8351,"minecraft:swim_one_cm":2333,"minecraft:fly_one_cm":295079,"minecraft:player_kills":3,"minecraft:open_chest":17,"minecraft:crouch_one_cm":2619,"minecraft:fall_one_cm":24435,"minecraft:horse_one_cm":450}},"DataVersion":3465}