{"stats":{"minecraft:killed_by":{"minecraft:player":1,"minecraft:spider":2,"minecraft:slime":1,"minecraft:skeleton":1,"minecraft:zombie":1},"minecraft:broken":{"minecraft:diamond_leggings":1,"minecraft:golden_sword":1,"minecraft:golden_axe":1,"minecraft:leather_boots":1},"minecraft:picked_up":{"minecraft:fishing_rod":1,"minecraft:iron_chestplate":3,"minecraft:coarse_dirt":1,"minecraft:prismarine_shard":16,"minecraft:ender_chest":4,"minecraft:azure_bluet":4,"minecraft:redstone_lamp":4,"minecraft:splash_potion":1,"minecraft:leather_leggings":2,"minecraft:anvil":1,"minecraft:rabbit_stew":8,"minecraft:golden_pickaxe":1,"minecraft:diamond_sword":1,"minecraft:pink_wool":4,"minecraft:enchanted_book":19,"minecraft:golden_shovel":1,"minecraft:golden_sword":1,"minecraft:heavy_weighted_pressure_plate":1,"minecraft:cornflower":10,"minecraft:oak_trapdoor":2,"minecraft:string":25,"lucky:lucky_potion":40,"minecraft:wooden_sword":1,"minecraft:iron_leggings":1,"minecraft:sticky_piston":4,"minecraft:iron_shovel":1,"minecraft:oak_sign":1,"minecraft:diamond_leggings":2,"minecraft:comparator":2,"lucky:lucky_sword":3,"minecraft:light_weighted_pressure_plate":1,"minecraft:poppy":3,"minecraft:iron_pickaxe":2,"minecraft:light_gray_wool":8,"minecraft:enchanted_golden_apple":2,"minecraft:piston":4,"minecraft:spruce_trapdoor":6,"minecraft:blue_wool":2,"minecraft:golden_helmet":1,"minecraft:jukebox":1,"minecraft:music_disc_mellohi":2,"minecraft:porkchop":20,"minecraft:golden_axe":2,"minecraft:stone_button":2,"minecraft:cookie":6,"minecraft:carrot":1,"minecraft:trident":1,"minecraft:redstone":55,"minecraft:prismarine_crystals":20,"minecraft:golden_chestplate":1,"minecraft:iron_horse_armor":1,"minecraft:stone_pressure_plate":2,"minecraft:tnt":6,"minecraft:diamond_chestplate":1,"minecraft:arrow":53,"minecraft:rotten_flesh":13,"minecraft:light_blue_wool":2,"minecraft:tropical_fish":2,"minecraft:golden_hoe":1,"minecraft:bookshelf":10,"minecraft:yellow_terracotta":8,"minecraft:saddle":3,"minecraft:green_wool":14,"minecraft:gold_ingot":47,"minecraft:iron_bars":2,"minecraft:mutton":1,"minecraft:white_wool":1,"minecraft:oxeye_daisy":2,"minecraft:enchanting_table":1,"minecraft:leather_chestplate":1,"minecraft:feather":1,"minecraft:golden_carrot":11,"minecraft:salmon":3,"minecraft:brown_wool":1,"minecraft:end_portal_frame":6,"minecraft:potato":63,"minecraft:lapis_lazuli":48,"lucky:lucky_bow":10,"minecraft:cooked_mutton":2,"minecraft:leather_boots":1,"minecraft:bone":20,"minecraft:bow":2,"minecraft:wheat_seeds":15,"minecraft:oak_fence_gate":1,"minecraft:rabbit_hide":6,"minecraft:cooked_chicken":1,"minecraft:diamond_helmet":1,"minecraft:rabbit":9,"minecraft:glass_bottle":2,"minecraft:prismarine":19,"minecraft:book":12,"minecraft:cooked_porkchop":7,"minecraft:red_wool":1,"minecraft:oak_pressure_plate":2,"minecraft:poisonous_potato":32,"minecraft:dropper":3,"minecraft:melon":2,"minecraft:diamond_block":3,"minecraft:sea_lantern":6,"minecraft:spider_eye":6,"minecraft:leather_helmet":1,"minecraft:iron_hoe":1,"minecraft:dispenser":2,"minecraft:sugar":18,"minecraft:slime_ball":2,"minecraft:diamond":54,"minecraft:lever":2,"minecraft:iron_helmet":2,"minecraft:crossbow":1,"minecraft:diamond_axe":3,"minecraft:painting":4,"minecraft:golden_apple":4,"minecraft:emerald":28,"minecraft:baked_potato":9,"minecraft:diamond_pickaxe":1},"minecraft:mined":{"minecraft:oxeye_daisy":1,"minecraft:diamond_block":3,"minecraft:oak_sign":1,"minecraft:iron_bars":2,"lucky:lucky_block":143,"minecraft:quartz_block":1,"minecraft:dandelion":3,"minecraft:cornflower":1,"minecraft:poppy":2,"minecraft:chest":1,"minecraft:glass":3,"minecraft:tall_grass":20,"minecraft:grass":38,"minecraft:cobweb":6},"minecraft:crafted":{"minecraft:diamond":27,"minecraft:diamond_helmet":3,"minecraft:diamond_leggings":1,"minecraft:diamond_boots":2,"minecraft:splash_potion":2,"minecraft:air":0,"minecraft:diamond_chestplate":2},"minecraft:killed":{"minecraft:cave_spider":2,"minecraft:witch":1,"minecraft:spider":13,"minecraft:slime":15,"minecraft:chicken":2,"minecraft:silverfish":4,"minecraft:skeleton_horse":1,"minecraft:creeper":1,"minecraft:zombie":7,"minecraft:ghast":1},"minecraft:used":{"minecraft:enchanting_table":1,"minecraft:tropical_fish":1,"minecraft:ender_chest":4,"minecraft:iron_chestplate":1,"minecraft:anvil":1,"minecraft:bookshelf":6,"lucky:lucky_block":56,"minecraft:iron_helmet":1,"minecraft:golden_sword":32,"lucky:lucky_potion":35,"minecraft:enchanted_golden_apple":14,"minecraft:iron_leggings":1,"minecraft:golden_axe":16,"minecraft:diamond_axe":50,"lucky:lucky_sword":211,"minecraft:golden_apple":5,"minecraft:yellow_terracotta":1,"minecraft:diamond_pickaxe":9,"minecraft:barrier":12,"minecraft:leather_helmet":1,"minecraft:spruce_trapdoor":3,"minecraft:diamond_sword":229,"minecraft:cooked_porkchop":1,"minecraft:splash_potion":2},"minecraft:dropped":{"minecraft:enchanted_book":17,"minecraft:piston":4,"minecraft:porkchop":10,"minecraft:wheat_seeds":15,"minecraft:diamond_axe":1,"minecraft:oak_pressure_plate":2,"minecraft:golden_helmet":1,"minecraft:tnt":6,"minecraft:glass_bottle":2,"minecraft:diamond":1,"minecraft:bookshelf":4,"minecraft:cooked_porkchop":2,"minecraft:diamond_leggings":1,"minecraft:crossbow":1,"minecraft:feather":1,"minecraft:iron_helmet":2,"minecraft:book":12,"minecraft:red_wool":1,"minecraft:saddle":3,"minecraft:leather_helmet":1,"minecraft:golden_apple":2,"minecraft:light_weighted_pressure_plate":1,"minecraft:emerald":5,"minecraft:oxeye_daisy":2,"minecraft:melon":2,"minecraft:golden_carrot":3,"minecraft:stone_button":2,"minecraft:dispenser":2,"minecraft:cornflower":10,"minecraft:mutton":1,"minecraft:light_blue_wool":2,"minecraft:rabbit":9,"minecraft:brown_wool":1,"minecraft:diamond_helmet":3,"minecraft:iron_leggings":1,"lucky:lucky_bow":3,"minecraft:wooden_sword":1,"minecraft:sugar":18,"minecraft:iron_pickaxe":1,"minecraft:iron_shovel":1,"minecraft:string":25,"minecraft:white_wool":1,"minecraft:gold_ingot":15,"minecraft:bone":20,"minecraft:green_wool":14,"minecraft:lever":2,"minecraft:oak_trapdoor":2,"minecraft:cooked_chicken":1,"minecraft:golden_chestplate":1,"minecraft:coarse_dirt":1,"minecraft:sticky_piston":4,"minecraft:blue_wool":2,"minecraft:rotten_flesh":8,"minecraft:light_gray_wool":8,"minecraft:comparator":2,"minecraft:iron_hoe":1,"minecraft:azure_bluet":1,"minecraft:oak_sign":1,"minecraft:salmon":3,"minecraft:poppy":3,"minecraft:rabbit_hide":6,"minecraft:oak_fence_gate":1,"minecraft:leather_chestplate":1,"minecraft:potato":1,"minecraft:diamond_chestplate":2,"minecraft:dropper":3,"minecraft:iron_chestplate":2,"minecraft:pink_wool":4,"minecraft:end_portal_frame":6,"minecraft:leather_leggings":2,"minecraft:stone_pressure_plate":2,"minecraft:painting":4,"minecraft:diamond_boots":1,"minecraft:rabbit_stew":1,"minecraft:iron_bars":2,"minecraft:music_disc_mellohi":1},"minecraft:custom":{"minecraft:mob_kills":77,"minecraft:interact_with_anvil":14,"minecraft:interact_with_crafting_table":2,"minecraft:eat_cake_slice":1,"minecraft:time_since_death":19712,"minecraft:damage_resisted":1147,"minecraft:climb_one_cm":2329,"minecraft:sprint_one_cm":144831,"minecraft:walk_one_cm":137969,"minecraft:drop":115,"minecraft:damage_dealt_absorbed":150,"minecraft:talked_to_villager":9,"minecraft:play_time":52133,"minecraft:deaths":10,"minecraft:sneak_time":546,"minecraft:walk_under_water_one_cm":2705,"minecraft:jump":906,"minecraft:walk_on_water_one_cm":18699,"minecraft:total_world_time":52133,"minecraft:traded_with_villager":6,"minecraft:interact_with_grindstone":1,"minecraft:time_since_rest":19719,"minecraft:open_enderchest":4,"minecraft:damage_taken":5371,"minecraft:damage_absorbed":1510,"minecraft:damage_dealt":8065,"minecraft:swim_one_cm":2333,"minecraft:fly_one_cm":256354,"minecraft:player_kills":2,"minecraft:open_chest":16,"minecraft:crouch_one_cm":1115,"minecraft:fall_one_cm":22957,"minecraft:horse_one_cm":450}},"DataVersion":3465}