{"stats":{"minecraft:crafted":{"minecraft:fishing_rod":1,"minecraft:diamond_sword":1},"minecraft:custom":{"minecraft:interact_with_anvil":9,"minecraft:mob_kills":39,"minecraft:damage_dealt_resisted":770,"minecraft:eat_cake_slice":17,"minecraft:leave_game":1,"minecraft:time_since_death":963,"minecraft:damage_resisted":3234,"minecraft:sprint_one_cm":162029,"minecraft:walk_one_cm":190855,"minecraft:drop":212,"minecraft:damage_dealt_absorbed":1442,"minecraft:talked_to_villager":2,"minecraft:play_time":58443,"minecraft:deaths":23,"minecraft:sneak_time":596,"minecraft:walk_under_water_one_cm":4239,"minecraft:jump":882,"minecraft:walk_on_water_one_cm":5863,"minecraft:total_world_time":58443,"minecraft:interact_with_furnace":1,"minecraft:traded_with_villager":2,"minecraft:interact_with_grindstone":2,"minecraft:time_since_rest":996,"minecraft:damage_taken":15650,"minecraft:damage_absorbed":2171,"minecraft:damage_dealt":8760,"minecraft:swim_one_cm":275,"minecraft:fly_one_cm":265151,"minecraft:player_kills":6,"minecraft:open_chest":11,"minecraft:crouch_one_cm":584,"minecraft:fall_one_cm":141046},"minecraft:killed":{"minecraft:spider":4,"minecraft:horse":2,"minecraft:skeleton":4,"minecraft:guardian":1,"minecraft:chicken":1,"minecraft:rabbit":3,"minecraft:creeper":1,"minecraft:sheep":1,"minecraft:zombie":5,"minecraft:ghast":1},"minecraft:picked_up":{"minecraft:wooden_axe":1,"minecraft:iron_chestplate":3,"minecraft:azure_bluet":1,"minecraft:splash_potion":4,"minecraft:iron_trapdoor":6,"minecraft:nether_wart":1,"minecraft:anvil":2,"minecraft:prismarine_shard":40,"minecraft:rabbit_stew":12,"minecraft:leather_leggings":1,"minecraft:diamond_sword":1,"minecraft:wooden_pickaxe":1,"minecraft:cooked_rabbit":17,"minecraft:potion":1,"minecraft:wither_rose":1,"minecraft:enchanted_book":44,"minecraft:blue_concrete":11,"minecraft:oak_trapdoor":4,"minecraft:string":14,"lucky:lucky_potion":62,"minecraft:iron_leggings":4,"minecraft:sticky_piston":4,"minecraft:diamond_leggings":1,"minecraft:gold_nugget":2,"lucky:lucky_sword":1,"minecraft:bucket":2,"minecraft:beef":2,"minecraft:ender_eye":4,"minecraft:poppy":2,"minecraft:enchanted_golden_apple":4,"minecraft:iron_boots":7,"minecraft:stick":1,"minecraft:oak_door":2,"minecraft:music_disc_mellohi":1,"minecraft:note_block":1,"minecraft:porkchop":1,"minecraft:stone_button":1,"minecraft:cookie":64,"minecraft:carrot":6,"minecraft:trident":1,"minecraft:golden_chestplate":1,"minecraft:prismarine_crystals":11,"minecraft:stone_pressure_plate":2,"minecraft:quartz_block":38,"minecraft:arrow":29,"minecraft:rotten_flesh":84,"minecraft:diamond_chestplate":3,"minecraft:light_blue_wool":2,"minecraft:tropical_fish":1,"minecraft:pumpkin_pie":33,"minecraft:diamond_boots":1,"minecraft:saddle":7,"minecraft:gold_ingot":33,"minecraft:mutton":3,"minecraft:skeleton_skull":3,"minecraft:sponge":2,"minecraft:enchanting_table":3,"minecraft:leather_chestplate":1,"minecraft:cooked_beef":1,"minecraft:golden_carrot":25,"minecraft:iron_door":2,"minecraft:water_bucket":2,"minecraft:salmon":1,"minecraft:leather":9,"minecraft:golden_leggings":1,"minecraft:end_portal_frame":6,"minecraft:potato":253,"minecraft:mushroom_stew":1,"minecraft:chainmail_chestplate":1,"minecraft:golden_boots":1,"minecraft:gunpowder":9,"minecraft:wooden_hoe":1,"minecraft:lapis_lazuli":16,"minecraft:dirt":8,"lucky:lucky_bow":2,"minecraft:leather_boots":1,"minecraft:cooked_mutton":15,"minecraft:bone":66,"minecraft:apple":4,"minecraft:wheat_seeds":16,"minecraft:oak_fence_gate":2,"minecraft:rabbit_hide":7,"minecraft:iron_ingot":33,"minecraft:cooked_chicken":8,"minecraft:rabbit":5,"minecraft:diamond_helmet":1,"minecraft:prismarine":16,"minecraft:iron_sword":3,"minecraft:milk_bucket":2,"minecraft:cooked_porkchop":1,"minecraft:daylight_detector":2,"minecraft:red_wool":1,"minecraft:dandelion":1,"minecraft:lime_concrete":1,"minecraft:oak_pressure_plate":4,"minecraft:poisonous_potato":35,"minecraft:gravel":13,"minecraft:lava_bucket":2,"minecraft:melon":23,"minecraft:sea_lantern":7,"minecraft:spider_eye":43,"minecraft:leather_helmet":1,"minecraft:sugar":64,"minecraft:diamond":34,"minecraft:slime_block":4,"minecraft:lever":1,"minecraft:chainmail_leggings":3,"minecraft:iron_helmet":2,"minecraft:crossbow":1,"minecraft:bone_meal":22,"minecraft:golden_apple":10,"minecraft:golden_horse_armor":4,"minecraft:emerald":34,"minecraft:chainmail_helmet":2,"minecraft:bread":1,"minecraft:baked_potato":21,"minecraft:jack_o_lantern":6,"minecraft:red_concrete":10,"minecraft:nether_star":3,"minecraft:coarse_dirt":1,"minecraft:ender_pearl":11},"minecraft:mined":{"minecraft:frosted_ice":2,"minecraft:oxeye_daisy":1,"lucky:lucky_block":121,"minecraft:cornflower":1,"minecraft:glass":1,"minecraft:tall_grass":42,"minecraft:grass":29},"minecraft:broken":{"minecraft:diamond_chestplate":1,"minecraft:iron_boots":1,"minecraft:diamond_boots":1},"minecraft:killed_by":{"minecraft:player":4,"minecraft:creeper":2,"minecraft:magma_cube":1,"minecraft:skeleton":2},"minecraft:dropped":{"minecraft:golden_boots":1,"minecraft:water_bucket":1,"minecraft:enchanted_book":26,"minecraft:bread":1,"minecraft:iron_ingot":37,"minecraft:daylight_detector":2,"minecraft:iron_sword":3,"minecraft:porkchop":1,"minecraft:wheat_seeds":7,"minecraft:oak_pressure_plate":2,"minecraft:baked_potato":9,"minecraft:ender_pearl":11,"minecraft:nether_star":2,"minecraft:poisonous_potato":35,"minecraft:prismarine_shard":40,"minecraft:cookie":64,"minecraft:barrier":1,"minecraft:iron_helmet":2,"minecraft:prismarine_crystals":11,"lucky:lucky_potion":48,"minecraft:apple":4,"minecraft:red_wool":1,"minecraft:saddle":5,"minecraft:tropical_fish":1,"minecraft:leather_helmet":1,"minecraft:mushroom_stew":1,"minecraft:stick":1,"minecraft:emerald":34,"minecraft:lava_bucket":1,"minecraft:golden_carrot":25,"minecraft:iron_trapdoor":2,"minecraft:stone_button":1,"minecraft:wooden_hoe":1,"minecraft:mutton":3,"minecraft:light_blue_wool":2,"minecraft:wooden_axe":1,"minecraft:rabbit":1,"minecraft:jack_o_lantern":3,"minecraft:diamond_helmet":1,"minecraft:iron_leggings":3,"minecraft:pumpkin_pie":33,"minecraft:gold_nugget":5,"minecraft:bone_meal":22,"minecraft:wither_rose":1,"minecraft:sugar":64,"minecraft:chainmail_leggings":2,"minecraft:string":12,"minecraft:fishing_rod":1,"minecraft:bucket":2,"minecraft:dandelion":1,"minecraft:gold_ingot":33,"minecraft:bone":35,"minecraft:gravel":13,"minecraft:note_block":1,"minecraft:red_concrete":10,"minecraft:anvil":1,"minecraft:cooked_chicken":8,"minecraft:golden_chestplate":1,"minecraft:nether_wart":1,"minecraft:lime_concrete":1,"minecraft:sticky_piston":4,"minecraft:rotten_flesh":45,"minecraft:iron_boots":6,"minecraft:enchanted_golden_apple":10,"minecraft:slime_block":4,"minecraft:prismarine":16,"minecraft:cooked_mutton":1,"minecraft:salmon":1,"minecraft:chainmail_chestplate":1,"minecraft:diamond_sword":1,"minecraft:rabbit_hide":1,"minecraft:potato":110,"minecraft:leather_chestplate":1,"minecraft:sea_lantern":7,"minecraft:gunpowder":4,"minecraft:trident":1,"minecraft:skeleton_skull":3,"minecraft:iron_chestplate":2,"minecraft:quartz_block":14,"minecraft:leather_boots":1,"minecraft:golden_leggings":1,"minecraft:leather_leggings":1,"minecraft:stone_pressure_plate":2,"minecraft:spider_eye":30,"minecraft:rabbit_stew":12,"minecraft:arrow":21,"minecraft:beef":2,"minecraft:wooden_pickaxe":1,"minecraft:music_disc_mellohi":1,"minecraft:cooked_rabbit":17,"minecraft:splash_potion":1,"minecraft:enchanting_table":2},"minecraft:used":{"minecraft:anvil":1,"minecraft:lava_bucket":3,"minecraft:diamond_chestplate":1,"minecraft:potato":1,"lucky:lucky_potion":337,"minecraft:enchanted_golden_apple":13,"minecraft:water_bucket":2,"lucky:lucky_sword":346,"minecraft:golden_apple":10,"minecraft:crossbow":3,"minecraft:sponge":1,"minecraft:lever":1,"minecraft:barrier":1,"minecraft:diamond_sword":163,"minecraft:fishing_rod":3,"minecraft:cooked_porkchop":1,"minecraft:chain_command_block":3,"minecraft:bucket":4,"minecraft:diamond_leggings":1,"minecraft:splash_potion":2}},"DataVersion":3465}