{"stats":{"minecraft:crafted":{"minecraft:diamond_sword":1},"minecraft:custom":{"minecraft:time_since_rest":2985,"minecraft:damage_absorbed":2,"minecraft:play_time":2985,"minecraft:sprint_one_cm":12029,"minecraft:damage_taken":182,"minecraft:walk_one_cm":11082,"minecraft:mob_kills":1,"minecraft:jump":24,"minecraft:damage_dealt":190,"minecraft:time_since_death":2985,"minecraft:damage_resisted":1,"minecraft:traded_with_villager":1,"minecraft:total_world_time":2985,"minecraft:talked_to_villager":1,"minecraft:fall_one_cm":209,"minecraft:fly_one_cm":6003},"minecraft:killed":{"minecraft:zombie":1},"minecraft:picked_up":{"minecraft:diamond_chestplate":1,"minecraft:rotten_flesh":1,"minecraft:diamond":21,"minecraft:tropical_fish":1,"minecraft:diamond_sword":1,"minecraft:lever":1,"minecraft:diamond_boots":1,"minecraft:iron_ingot":22,"minecraft:golden_apple":4,"minecraft:gold_ingot":22,"minecraft:emerald":24,"minecraft:diamond_helmet":1,"minecraft:enchanted_golden_apple":2},"minecraft:mined":{"lucky:lucky_block":10},"minecraft:used":{"minecraft:lever":1,"minecraft:diamond_sword":12,"minecraft:enchanted_golden_apple":1}},"DataVersion":3465}