{"stats":{"minecraft:killed_by":{"minecraft:player":1,"minecraft:spider":2,"minecraft:slime":1,"minecraft:skeleton":1,"minecraft:zombie":1},"minecraft:broken":{"minecraft:diamond_leggings":1,"minecraft:golden_sword":1,"minecraft:golden_axe":1,"minecraft:leather_boots":1},"minecraft:picked_up":{"minecraft:fishing_rod":1,"minecraft:iron_chestplate":3,"minecraft:coarse_dirt":1,"minecraft:azure_bluet":4,"minecraft:leather_leggings":2,"minecraft:anvil":1,"minecraft:rabbit_stew":8,"minecraft:golden_pickaxe":1,"minecraft:diamond_sword":1,"minecraft:pink_wool":4,"minecraft:enchanted_book":19,"minecraft:golden_shovel":1,"minecraft:golden_sword":1,"minecraft:cornflower":5,"minecraft:string":25,"lucky:lucky_potion":35,"minecraft:wooden_sword":1,"minecraft:iron_leggings":1,"minecraft:iron_shovel":1,"minecraft:diamond_leggings":2,"lucky:lucky_sword":3,"minecraft:poppy":3,"minecraft:iron_pickaxe":2,"minecraft:light_gray_wool":8,"minecraft:enchanted_golden_apple":1,"minecraft:spruce_trapdoor":6,"minecraft:blue_wool":2,"minecraft:golden_helmet":1,"minecraft:music_disc_mellohi":1,"minecraft:porkchop":10,"minecraft:golden_axe":2,"minecraft:cookie":6,"minecraft:trident":1,"minecraft:golden_chestplate":1,"minecraft:iron_horse_armor":1,"minecraft:diamond_chestplate":1,"minecraft:arrow":53,"minecraft:rotten_flesh":13,"minecraft:light_blue_wool":2,"minecraft:tropical_fish":1,"minecraft:golden_hoe":1,"minecraft:bookshelf":10,"minecraft:yellow_terracotta":8,"minecraft:saddle":2,"minecraft:green_wool":14,"minecraft:gold_ingot":47,"minecraft:mutton":1,"minecraft:white_wool":1,"minecraft:oxeye_daisy":2,"minecraft:enchanting_table":1,"minecraft:leather_chestplate":1,"minecraft:golden_carrot":3,"minecraft:salmon":3,"minecraft:brown_wool":1,"minecraft:potato":63,"minecraft:lapis_lazuli":26,"lucky:lucky_bow":9,"minecraft:leather_boots":1,"minecraft:bone":20,"minecraft:bow":2,"minecraft:wheat_seeds":14,"minecraft:rabbit_hide":4,"minecraft:diamond_helmet":1,"minecraft:rabbit":6,"minecraft:book":12,"minecraft:cooked_porkchop":5,"minecraft:red_wool":1,"minecraft:poisonous_potato":32,"minecraft:melon":2,"minecraft:diamond_block":3,"minecraft:spider_eye":6,"minecraft:leather_helmet":1,"minecraft:iron_hoe":1,"minecraft:sugar":18,"minecraft:slime_ball":2,"minecraft:diamond":34,"minecraft:iron_helmet":2,"minecraft:crossbow":1,"minecraft:diamond_axe":2,"minecraft:painting":4,"minecraft:golden_apple":4,"minecraft:emerald":28,"minecraft:baked_potato":9,"minecraft:diamond_pickaxe":1},"minecraft:mined":{"minecraft:oxeye_daisy":1,"minecraft:diamond_block":3,"lucky:lucky_block":92,"minecraft:quartz_block":1,"minecraft:dandelion":3,"minecraft:cornflower":1,"minecraft:poppy":2,"minecraft:chest":1,"minecraft:glass":2,"minecraft:tall_grass":20,"minecraft:grass":38,"minecraft:cobweb":6},"minecraft:crafted":{"minecraft:diamond":27,"minecraft:diamond_helmet":2,"minecraft:diamond_boots":2,"minecraft:splash_potion":2,"minecraft:air":0,"minecraft:diamond_chestplate":2},"minecraft:killed":{"minecraft:cave_spider":2,"minecraft:spider":13,"minecraft:slime":12,"minecraft:chicken":1,"minecraft:silverfish":4,"minecraft:skeleton_horse":1,"minecraft:creeper":1,"minecraft:zombie":7},"minecraft:used":{"minecraft:enchanting_table":1,"minecraft:tropical_fish":1,"minecraft:iron_chestplate":1,"minecraft:anvil":1,"minecraft:bookshelf":6,"minecraft:iron_helmet":1,"minecraft:golden_sword":32,"lucky:lucky_potion":35,"minecraft:enchanted_golden_apple":11,"minecraft:iron_leggings":1,"minecraft:golden_axe":16,"minecraft:diamond_axe":49,"lucky:lucky_sword":210,"minecraft:golden_apple":5,"minecraft:yellow_terracotta":1,"minecraft:diamond_pickaxe":5,"minecraft:leather_helmet":1,"minecraft:spruce_trapdoor":3,"minecraft:diamond_sword":203,"minecraft:cooked_porkchop":1,"minecraft:splash_potion":2},"minecraft:dropped":{"minecraft:enchanted_book":16,"minecraft:porkchop":10,"minecraft:diamond_axe":1,"minecraft:golden_helmet":1,"minecraft:diamond":1,"minecraft:bookshelf":4,"minecraft:diamond_leggings":1,"minecraft:crossbow":1,"minecraft:iron_helmet":2,"minecraft:book":12,"minecraft:red_wool":1,"minecraft:saddle":2,"minecraft:leather_helmet":1,"minecraft:golden_apple":2,"minecraft:oxeye_daisy":2,"minecraft:cornflower":5,"minecraft:light_blue_wool":2,"minecraft:rabbit":6,"minecraft:brown_wool":1,"minecraft:diamond_helmet":2,"minecraft:iron_leggings":1,"lucky:lucky_bow":3,"minecraft:wooden_sword":1,"minecraft:sugar":18,"minecraft:iron_shovel":1,"minecraft:string":25,"minecraft:white_wool":1,"minecraft:gold_ingot":15,"minecraft:bone":6,"minecraft:green_wool":7,"minecraft:golden_chestplate":1,"minecraft:coarse_dirt":1,"minecraft:blue_wool":1,"minecraft:light_gray_wool":4,"minecraft:iron_hoe":1,"minecraft:azure_bluet":1,"minecraft:poppy":1,"minecraft:rabbit_hide":4,"minecraft:leather_chestplate":1,"minecraft:potato":1,"minecraft:diamond_chestplate":2,"minecraft:iron_chestplate":2,"minecraft:pink_wool":4,"minecraft:leather_leggings":2,"minecraft:painting":4,"minecraft:diamond_boots":1,"minecraft:rabbit_stew":1},"minecraft:custom":{"minecraft:mob_kills":64,"minecraft:interact_with_anvil":7,"minecraft:interact_with_crafting_table":1,"minecraft:eat_cake_slice":1,"minecraft:time_since_death":7712,"minecraft:damage_resisted":1010,"minecraft:climb_one_cm":2329,"minecraft:sprint_one_cm":134909,"minecraft:walk_one_cm":117779,"minecraft:drop":75,"minecraft:damage_dealt_absorbed":125,"minecraft:talked_to_villager":7,"minecraft:play_time":40133,"minecraft:deaths":10,"minecraft:sneak_time":399,"minecraft:walk_under_water_one_cm":162,"minecraft:jump":830,"minecraft:walk_on_water_one_cm":16097,"minecraft:total_world_time":40133,"minecraft:traded_with_villager":5,"minecraft:interact_with_grindstone":1,"minecraft:time_since_rest":7719,"minecraft:damage_taken":5070,"minecraft:damage_absorbed":1395,"minecraft:damage_dealt":7175,"minecraft:swim_one_cm":1902,"minecraft:fly_one_cm":224158,"minecraft:player_kills":2,"minecraft:open_chest":12,"minecraft:crouch_one_cm":983,"minecraft:fall_one_cm":17114,"minecraft:horse_one_cm":450}},"DataVersion":3465}