{"stats":{"minecraft:killed_by":{"minecraft:skeleton":1,"minecraft:spider":1,"minecraft:zombie":1,"minecraft:slime":1},"minecraft:broken":{"minecraft:golden_sword":1,"minecraft:golden_axe":1,"minecraft:leather_boots":1},"minecraft:picked_up":{"minecraft:enchanting_table":1,"minecraft:fishing_rod":1,"minecraft:iron_chestplate":3,"minecraft:leather_chestplate":1,"minecraft:anvil":1,"minecraft:golden_pickaxe":1,"minecraft:rabbit_stew":7,"minecraft:leather_leggings":2,"minecraft:diamond_sword":1,"minecraft:potato":63,"minecraft:enchanted_book":17,"minecraft:golden_shovel":1,"minecraft:golden_sword":1,"minecraft:lapis_lazuli":26,"minecraft:string":23,"lucky:lucky_bow":7,"lucky:lucky_potion":11,"minecraft:wooden_sword":1,"minecraft:iron_leggings":1,"minecraft:leather_boots":1,"minecraft:bone":3,"minecraft:bow":2,"minecraft:diamond_leggings":2,"lucky:lucky_sword":1,"minecraft:rabbit_hide":1,"minecraft:rabbit":1,"minecraft:enchanted_golden_apple":1,"minecraft:iron_pickaxe":1,"minecraft:spruce_trapdoor":6,"minecraft:book":12,"minecraft:golden_helmet":1,"minecraft:cooked_porkchop":5,"minecraft:poisonous_potato":32,"minecraft:porkchop":10,"minecraft:golden_axe":1,"minecraft:cookie":6,"minecraft:diamond_block":3,"minecraft:golden_chestplate":1,"minecraft:iron_horse_armor":1,"minecraft:spider_eye":6,"minecraft:leather_helmet":1,"minecraft:sugar":18,"minecraft:arrow":50,"minecraft:rotten_flesh":7,"minecraft:slime_ball":2,"minecraft:diamond":26,"minecraft:tropical_fish":1,"minecraft:golden_hoe":1,"minecraft:iron_helmet":2,"minecraft:crossbow":1,"minecraft:diamond_axe":2,"minecraft:yellow_terracotta":8,"minecraft:golden_apple":4,"minecraft:saddle":2,"minecraft:bookshelf":10,"minecraft:gold_ingot":32,"minecraft:emerald":23,"minecraft:baked_potato":9,"minecraft:diamond_pickaxe":1},"minecraft:mined":{"minecraft:quartz_block":1,"minecraft:glass":2,"minecraft:diamond_block":3,"lucky:lucky_block":85},"minecraft:crafted":{"minecraft:diamond":27,"minecraft:diamond_helmet":1,"minecraft:diamond_boots":1,"minecraft:splash_potion":1,"minecraft:diamond_chestplate":1},"minecraft:killed":{"minecraft:cave_spider":2,"minecraft:spider":11,"minecraft:slime":12,"minecraft:creeper":1,"minecraft:zombie":6},"minecraft:used":{"minecraft:enchanting_table":1,"minecraft:tropical_fish":1,"lucky:lucky_sword":30,"minecraft:diamond_axe":48,"minecraft:iron_chestplate":1,"minecraft:golden_apple":5,"minecraft:anvil":1,"minecraft:yellow_terracotta":1,"minecraft:diamond_pickaxe":5,"minecraft:bookshelf":6,"minecraft:leather_helmet":1,"minecraft:iron_helmet":1,"minecraft:spruce_trapdoor":3,"minecraft:golden_sword":32,"minecraft:diamond_sword":93,"minecraft:cooked_porkchop":1,"lucky:lucky_potion":11,"minecraft:enchanted_golden_apple":2,"minecraft:golden_axe":16,"minecraft:iron_leggings":1},"minecraft:dropped":{"minecraft:enchanted_book":16,"minecraft:porkchop":9,"minecraft:diamond_axe":1,"minecraft:diamond":1,"minecraft:bookshelf":4,"minecraft:diamond_leggings":1,"minecraft:iron_helmet":2,"minecraft:book":12,"minecraft:saddle":2,"minecraft:leather_helmet":1,"minecraft:golden_apple":2,"minecraft:potato":1,"minecraft:leather_chestplate":1,"minecraft:iron_chestplate":2,"minecraft:leather_leggings":2,"minecraft:iron_leggings":1,"lucky:lucky_bow":3,"minecraft:wooden_sword":1,"minecraft:sugar":18,"minecraft:string":23},"minecraft:custom":{"minecraft:interact_with_anvil":6,"minecraft:mob_kills":45,"minecraft:traded_with_villager":1,"minecraft:interact_with_crafting_table":1,"minecraft:time_since_death":1732,"minecraft:climb_one_cm":2329,"minecraft:damage_resisted":115,"minecraft:time_since_rest":1739,"minecraft:sprint_one_cm":97608,"minecraft:damage_absorbed":329,"minecraft:damage_taken":3406,"minecraft:walk_one_cm":76751,"minecraft:drop":42,"minecraft:damage_dealt":5253,"minecraft:swim_one_cm":1902,"minecraft:talked_to_villager":3,"minecraft:fly_one_cm":135942,"minecraft:open_chest":9,"minecraft:crouch_one_cm":34,"minecraft:play_time":28133,"minecraft:deaths":8,"minecraft:sneak_time":114,"minecraft:walk_under_water_one_cm":162,"minecraft:jump":506,"minecraft:walk_on_water_one_cm":2033,"minecraft:total_world_time":28133,"minecraft:fall_one_cm":10909,"minecraft:horse_one_cm":450}},"DataVersion":3465}