{"stats":{"minecraft:killed_by":{"minecraft:skeleton":1,"minecraft:slime":1,"minecraft:zombie":1},"minecraft:broken":{"minecraft:golden_sword":1,"minecraft:golden_axe":1,"minecraft:leather_boots":1},"minecraft:picked_up":{"minecraft:book":12,"minecraft:fishing_rod":1,"minecraft:enchanting_table":1,"minecraft:iron_chestplate":2,"minecraft:leather_chestplate":1,"minecraft:cooked_porkchop":5,"minecraft:leather_leggings":2,"minecraft:rabbit_stew":7,"minecraft:golden_pickaxe":1,"minecraft:diamond_sword":1,"minecraft:porkchop":9,"minecraft:golden_shovel":1,"minecraft:golden_axe":1,"minecraft:golden_sword":1,"minecraft:diamond_block":2,"minecraft:leather_helmet":1,"lucky:lucky_bow":6,"minecraft:wooden_sword":1,"lucky:lucky_potion":11,"minecraft:iron_leggings":1,"minecraft:rotten_flesh":1,"minecraft:leather_boots":1,"minecraft:arrow":19,"minecraft:slime_ball":2,"minecraft:bow":1,"minecraft:golden_hoe":1,"lucky:lucky_sword":1,"minecraft:iron_helmet":1,"minecraft:diamond_axe":2,"minecraft:golden_apple":3,"minecraft:bookshelf":10,"minecraft:saddle":2,"minecraft:enchanted_golden_apple":1,"minecraft:diamond_pickaxe":1},"minecraft:mined":{"minecraft:quartz_block":1,"minecraft:diamond_block":2,"minecraft:glass":1,"lucky:lucky_block":54},"minecraft:killed":{"minecraft:slime":12,"minecraft:creeper":1},"minecraft:used":{"minecraft:diamond_pickaxe":4,"minecraft:bookshelf":6,"minecraft:iron_helmet":1,"minecraft:leather_helmet":1,"lucky:lucky_sword":3,"minecraft:diamond_axe":48,"minecraft:iron_chestplate":1,"minecraft:golden_apple":4,"minecraft:golden_sword":32,"minecraft:diamond_sword":8,"minecraft:cooked_porkchop":1,"minecraft:enchanted_golden_apple":1,"minecraft:golden_axe":16,"minecraft:iron_leggings":1},"minecraft:dropped":{"minecraft:leather_chestplate":1,"minecraft:porkchop":9,"minecraft:diamond_axe":1,"minecraft:bookshelf":4,"minecraft:leather_leggings":2,"minecraft:book":12,"minecraft:saddle":2,"minecraft:leather_helmet":1},"minecraft:custom":{"minecraft:time_since_rest":453,"minecraft:sprint_one_cm":61827,"minecraft:walk_one_cm":40494,"minecraft:damage_taken":2166,"minecraft:damage_absorbed":320,"minecraft:mob_kills":15,"minecraft:drop":10,"minecraft:damage_dealt":1115,"minecraft:swim_one_cm":1358,"minecraft:talked_to_villager":1,"minecraft:fly_one_cm":95335,"minecraft:open_chest":3,"minecraft:crouch_one_cm":34,"minecraft:play_time":16133,"minecraft:deaths":5,"minecraft:sneak_time":105,"minecraft:walk_under_water_one_cm":93,"minecraft:jump":332,"minecraft:walk_on_water_one_cm":1208,"minecraft:time_since_death":446,"minecraft:damage_resisted":113,"minecraft:climb_one_cm":2329,"minecraft:total_world_time":16133,"minecraft:fall_one_cm":7002}},"DataVersion":3465}