{"stats":{"minecraft:crafted":{"minecraft:diamond_sword":1,"minecraft:fishing_rod":1},"minecraft:custom":{"minecraft:mob_kills":12,"minecraft:traded_with_villager":2,"minecraft:time_since_death":307,"minecraft:damage_resisted":162,"minecraft:time_since_rest":335,"minecraft:damage_absorbed":2,"minecraft:damage_taken":3713,"minecraft:sprint_one_cm":51523,"minecraft:walk_one_cm":51389,"minecraft:drop":46,"minecraft:damage_dealt":1583,"minecraft:talked_to_villager":2,"minecraft:fly_one_cm":50190,"minecraft:open_chest":1,"minecraft:crouch_one_cm":321,"minecraft:play_time":14985,"minecraft:deaths":7,"minecraft:sneak_time":157,"minecraft:jump":232,"minecraft:total_world_time":14985,"minecraft:fall_one_cm":30920},"minecraft:killed":{"minecraft:rabbit":2,"minecraft:spider":1,"minecraft:creeper":1,"minecraft:sheep":1,"minecraft:skeleton":2,"minecraft:zombie":2},"minecraft:picked_up":{"minecraft:wooden_axe":1,"minecraft:sponge":1,"minecraft:leather_chestplate":1,"minecraft:splash_potion":4,"minecraft:nether_wart":1,"minecraft:iron_trapdoor":2,"minecraft:prismarine_shard":24,"minecraft:rabbit_stew":8,"minecraft:leather_leggings":1,"minecraft:wooden_pickaxe":1,"minecraft:diamond_sword":1,"minecraft:potato":239,"minecraft:enchanted_book":4,"minecraft:potion":1,"minecraft:chainmail_chestplate":1,"minecraft:gunpowder":5,"minecraft:wooden_hoe":1,"minecraft:lapis_lazuli":16,"minecraft:string":5,"lucky:lucky_bow":1,"lucky:lucky_potion":36,"minecraft:cooked_mutton":1,"minecraft:leather_boots":1,"minecraft:bone":16,"minecraft:gold_nugget":2,"lucky:lucky_sword":1,"minecraft:rabbit_hide":1,"minecraft:iron_ingot":33,"minecraft:ender_eye":4,"minecraft:poppy":2,"minecraft:diamond_helmet":1,"minecraft:rabbit":1,"minecraft:enchanted_golden_apple":4,"minecraft:prismarine":16,"minecraft:daylight_detector":2,"minecraft:oak_pressure_plate":4,"minecraft:poisonous_potato":35,"minecraft:note_block":1,"minecraft:trident":1,"minecraft:prismarine_crystals":11,"minecraft:sea_lantern":7,"minecraft:leather_helmet":1,"minecraft:stone_pressure_plate":2,"minecraft:quartz_block":8,"minecraft:arrow":17,"minecraft:diamond_chestplate":1,"minecraft:rotten_flesh":6,"minecraft:tropical_fish":1,"minecraft:diamond":34,"minecraft:slime_block":4,"minecraft:lever":1,"minecraft:chainmail_leggings":1,"minecraft:diamond_boots":1,"minecraft:crossbow":1,"minecraft:golden_apple":8,"minecraft:chainmail_helmet":1,"minecraft:gold_ingot":33,"minecraft:emerald":34,"minecraft:baked_potato":19,"minecraft:jack_o_lantern":6,"minecraft:red_concrete":10,"minecraft:skeleton_skull":1,"minecraft:nether_star":1,"minecraft:ender_pearl":10},"minecraft:mined":{"minecraft:frosted_ice":2,"lucky:lucky_block":68},"minecraft:broken":{"minecraft:diamond_boots":1,"minecraft:diamond_chestplate":1},"minecraft:killed_by":{"minecraft:player":1,"minecraft:skeleton":1,"minecraft:creeper":1},"minecraft:dropped":{"minecraft:iron_ingot":33,"minecraft:daylight_detector":2,"minecraft:red_concrete":10,"minecraft:oak_pressure_plate":2,"minecraft:baked_potato":5,"minecraft:nether_star":1,"minecraft:poisonous_potato":35,"minecraft:prismarine_shard":24,"minecraft:rotten_flesh":1,"minecraft:prismarine_crystals":11,"lucky:lucky_potion":3,"minecraft:prismarine":16,"minecraft:tropical_fish":1,"minecraft:leather_helmet":1,"minecraft:emerald":34,"minecraft:diamond_sword":1,"minecraft:rabbit_hide":1,"minecraft:leather_chestplate":1,"minecraft:sea_lantern":7,"minecraft:potato":92,"minecraft:wooden_hoe":1,"minecraft:wooden_axe":1,"minecraft:rabbit":1,"minecraft:leather_boots":1,"minecraft:jack_o_lantern":3,"minecraft:leather_leggings":1,"minecraft:stone_pressure_plate":2,"minecraft:gold_nugget":5,"minecraft:rabbit_stew":5,"minecraft:arrow":16,"minecraft:wooden_pickaxe":1,"minecraft:string":3,"minecraft:splash_potion":1,"minecraft:gold_ingot":33},"minecraft:used":{"lucky:lucky_sword":55,"minecraft:crossbow":1,"minecraft:sponge":1,"minecraft:lever":1,"minecraft:diamond_sword":32,"minecraft:potato":1,"lucky:lucky_potion":18,"minecraft:enchanted_golden_apple":1}},"DataVersion":3465}