{"stats":{"minecraft:crafted":{"minecraft:fishing_rod":1,"minecraft:diamond_sword":1},"minecraft:custom":{"minecraft:interact_with_anvil":9,"minecraft:mob_kills":36,"minecraft:damage_dealt_resisted":459,"minecraft:eat_cake_slice":17,"minecraft:time_since_death":2099,"minecraft:damage_resisted":2227,"minecraft:sprint_one_cm":144328,"minecraft:walk_one_cm":163929,"minecraft:drop":174,"minecraft:damage_dealt_absorbed":691,"minecraft:talked_to_villager":2,"minecraft:play_time":50974,"minecraft:deaths":21,"minecraft:sneak_time":463,"minecraft:walk_under_water_one_cm":4239,"minecraft:jump":732,"minecraft:walk_on_water_one_cm":3515,"minecraft:total_world_time":50974,"minecraft:interact_with_furnace":1,"minecraft:traded_with_villager":2,"minecraft:interact_with_grindstone":2,"minecraft:time_since_rest":2132,"minecraft:damage_taken":15252,"minecraft:damage_absorbed":1150,"minecraft:damage_dealt":6162,"minecraft:swim_one_cm":275,"minecraft:fly_one_cm":235565,"minecraft:player_kills":2,"minecraft:open_chest":11,"minecraft:crouch_one_cm":584,"minecraft:fall_one_cm":135885},"minecraft:killed":{"minecraft:spider":4,"minecraft:horse":1,"minecraft:skeleton":4,"minecraft:guardian":1,"minecraft:chicken":1,"minecraft:rabbit":3,"minecraft:creeper":1,"minecraft:sheep":1,"minecraft:zombie":5,"minecraft:ghast":1},"minecraft:picked_up":{"minecraft:wooden_axe":1,"minecraft:iron_chestplate":2,"minecraft:splash_potion":4,"minecraft:iron_trapdoor":2,"minecraft:nether_wart":1,"minecraft:anvil":2,"minecraft:prismarine_shard":40,"minecraft:rabbit_stew":12,"minecraft:leather_leggings":1,"minecraft:diamond_sword":1,"minecraft:wooden_pickaxe":1,"minecraft:cooked_rabbit":11,"minecraft:potion":1,"minecraft:wither_rose":1,"minecraft:enchanted_book":43,"minecraft:blue_concrete":11,"minecraft:string":9,"lucky:lucky_potion":62,"minecraft:iron_leggings":3,"minecraft:sticky_piston":4,"minecraft:diamond_leggings":1,"minecraft:gold_nugget":2,"lucky:lucky_sword":1,"minecraft:bucket":2,"minecraft:beef":2,"minecraft:ender_eye":4,"minecraft:poppy":2,"minecraft:enchanted_golden_apple":4,"minecraft:iron_boots":5,"minecraft:stick":1,"minecraft:music_disc_mellohi":1,"minecraft:note_block":1,"minecraft:porkchop":1,"minecraft:stone_button":1,"minecraft:cookie":64,"minecraft:trident":1,"minecraft:golden_chestplate":1,"minecraft:prismarine_crystals":11,"minecraft:stone_pressure_plate":2,"minecraft:quartz_block":38,"minecraft:arrow":29,"minecraft:rotten_flesh":47,"minecraft:diamond_chestplate":3,"minecraft:light_blue_wool":2,"minecraft:tropical_fish":1,"minecraft:pumpkin_pie":22,"minecraft:diamond_boots":1,"minecraft:saddle":1,"minecraft:gold_ingot":33,"minecraft:mutton":3,"minecraft:skeleton_skull":2,"minecraft:sponge":2,"minecraft:enchanting_table":3,"minecraft:leather_chestplate":1,"minecraft:golden_carrot":17,"minecraft:water_bucket":2,"minecraft:salmon":1,"minecraft:golden_leggings":1,"minecraft:end_portal_frame":6,"minecraft:potato":239,"minecraft:mushroom_stew":1,"minecraft:chainmail_chestplate":1,"minecraft:golden_boots":1,"minecraft:gunpowder":9,"minecraft:wooden_hoe":1,"minecraft:lapis_lazuli":16,"lucky:lucky_bow":2,"minecraft:leather_boots":1,"minecraft:cooked_mutton":11,"minecraft:bone":65,"minecraft:apple":4,"minecraft:wheat_seeds":5,"minecraft:rabbit_hide":1,"minecraft:iron_ingot":33,"minecraft:cooked_chicken":8,"minecraft:rabbit":1,"minecraft:diamond_helmet":1,"minecraft:prismarine":16,"minecraft:iron_sword":3,"minecraft:milk_bucket":2,"minecraft:cooked_porkchop":1,"minecraft:daylight_detector":2,"minecraft:red_wool":1,"minecraft:dandelion":1,"minecraft:lime_concrete":1,"minecraft:oak_pressure_plate":4,"minecraft:poisonous_potato":35,"minecraft:gravel":12,"minecraft:lava_bucket":2,"minecraft:sea_lantern":7,"minecraft:spider_eye":43,"minecraft:leather_helmet":1,"minecraft:sugar":64,"minecraft:diamond":34,"minecraft:slime_block":4,"minecraft:lever":1,"minecraft:chainmail_leggings":3,"minecraft:iron_helmet":2,"minecraft:crossbow":1,"minecraft:bone_meal":12,"minecraft:golden_apple":10,"minecraft:emerald":34,"minecraft:chainmail_helmet":2,"minecraft:bread":1,"minecraft:baked_potato":21,"minecraft:jack_o_lantern":6,"minecraft:red_concrete":10,"minecraft:nether_star":3,"minecraft:ender_pearl":11},"minecraft:mined":{"minecraft:frosted_ice":2,"lucky:lucky_block":121,"minecraft:glass":1,"minecraft:tall_grass":35,"minecraft:grass":21},"minecraft:broken":{"minecraft:diamond_chestplate":1,"minecraft:iron_boots":1,"minecraft:diamond_boots":1},"minecraft:killed_by":{"minecraft:player":4,"minecraft:creeper":2,"minecraft:magma_cube":1,"minecraft:skeleton":2},"minecraft:dropped":{"minecraft:golden_boots":1,"minecraft:water_bucket":1,"minecraft:enchanted_book":20,"minecraft:bread":1,"minecraft:iron_ingot":37,"minecraft:daylight_detector":2,"minecraft:iron_sword":1,"minecraft:porkchop":1,"minecraft:oak_pressure_plate":2,"minecraft:baked_potato":9,"minecraft:ender_pearl":10,"minecraft:nether_star":2,"minecraft:poisonous_potato":35,"minecraft:prismarine_shard":40,"minecraft:barrier":1,"minecraft:iron_helmet":2,"minecraft:prismarine_crystals":11,"lucky:lucky_potion":48,"minecraft:apple":4,"minecraft:red_wool":1,"minecraft:tropical_fish":1,"minecraft:leather_helmet":1,"minecraft:mushroom_stew":1,"minecraft:stick":1,"minecraft:emerald":34,"minecraft:lava_bucket":1,"minecraft:iron_trapdoor":2,"minecraft:stone_button":1,"minecraft:wooden_hoe":1,"minecraft:mutton":3,"minecraft:light_blue_wool":2,"minecraft:wooden_axe":1,"minecraft:rabbit":1,"minecraft:jack_o_lantern":3,"minecraft:diamond_helmet":1,"minecraft:iron_leggings":3,"minecraft:pumpkin_pie":3,"minecraft:gold_nugget":5,"minecraft:wither_rose":1,"minecraft:chainmail_leggings":2,"minecraft:string":4,"minecraft:bucket":1,"minecraft:dandelion":1,"minecraft:gold_ingot":33,"minecraft:bone":22,"minecraft:gravel":6,"minecraft:note_block":1,"minecraft:red_concrete":10,"minecraft:anvil":1,"minecraft:cooked_chicken":1,"minecraft:golden_chestplate":1,"minecraft:nether_wart":1,"minecraft:lime_concrete":1,"minecraft:sticky_piston":4,"minecraft:rotten_flesh":9,"minecraft:iron_boots":5,"minecraft:enchanted_golden_apple":10,"minecraft:slime_block":4,"minecraft:prismarine":16,"minecraft:cooked_mutton":1,"minecraft:salmon":1,"minecraft:chainmail_chestplate":1,"minecraft:diamond_sword":1,"minecraft:rabbit_hide":1,"minecraft:potato":110,"minecraft:leather_chestplate":1,"minecraft:sea_lantern":7,"minecraft:gunpowder":4,"minecraft:trident":1,"minecraft:skeleton_skull":1,"minecraft:iron_chestplate":2,"minecraft:quartz_block":14,"minecraft:leather_boots":1,"minecraft:golden_leggings":1,"minecraft:leather_leggings":1,"minecraft:stone_pressure_plate":2,"minecraft:spider_eye":1,"minecraft:rabbit_stew":12,"minecraft:arrow":21,"minecraft:beef":2,"minecraft:wooden_pickaxe":1,"minecraft:music_disc_mellohi":1,"minecraft:splash_potion":1,"minecraft:enchanting_table":1},"minecraft:used":{"minecraft:anvil":1,"minecraft:lava_bucket":3,"minecraft:diamond_chestplate":1,"minecraft:potato":1,"lucky:lucky_potion":336,"minecraft:enchanted_golden_apple":7,"minecraft:water_bucket":2,"lucky:lucky_sword":265,"minecraft:golden_apple":10,"minecraft:crossbow":2,"minecraft:sponge":1,"minecraft:lever":1,"minecraft:barrier":1,"minecraft:diamond_sword":110,"minecraft:fishing_rod":3,"minecraft:cooked_porkchop":1,"minecraft:chain_command_block":3,"minecraft:bucket":4,"minecraft:diamond_leggings":1,"minecraft:splash_potion":1}},"DataVersion":3465}