{"stats":{"minecraft:crafted":{"minecraft:fishing_rod":1,"minecraft:diamond_sword":1},"minecraft:custom":{"minecraft:mob_kills":17,"minecraft:time_since_death":613,"minecraft:damage_resisted":162,"minecraft:sprint_one_cm":94270,"minecraft:walk_one_cm":84414,"minecraft:drop":92,"minecraft:talked_to_villager":2,"minecraft:play_time":26974,"minecraft:deaths":14,"minecraft:sneak_time":319,"minecraft:walk_under_water_one_cm":739,"minecraft:jump":443,"minecraft:walk_on_water_one_cm":725,"minecraft:total_world_time":26974,"minecraft:traded_with_villager":2,"minecraft:time_since_rest":643,"minecraft:damage_taken":10229,"minecraft:damage_absorbed":79,"minecraft:damage_dealt":2701,"minecraft:fly_one_cm":146649,"minecraft:player_kills":1,"minecraft:open_chest":6,"minecraft:crouch_one_cm":321,"minecraft:fall_one_cm":90952},"minecraft:killed":{"minecraft:spider":3,"minecraft:skeleton":2,"minecraft:chicken":1,"minecraft:rabbit":2,"minecraft:creeper":1,"minecraft:sheep":1,"minecraft:zombie":3},"minecraft:picked_up":{"minecraft:wooden_axe":1,"minecraft:iron_chestplate":1,"minecraft:splash_potion":4,"minecraft:iron_trapdoor":2,"minecraft:nether_wart":1,"minecraft:prismarine_shard":24,"minecraft:rabbit_stew":8,"minecraft:leather_leggings":1,"minecraft:diamond_sword":1,"minecraft:wooden_pickaxe":1,"minecraft:potion":1,"minecraft:wither_rose":1,"minecraft:enchanted_book":15,"minecraft:blue_concrete":11,"minecraft:string":6,"lucky:lucky_potion":47,"minecraft:iron_leggings":1,"minecraft:sticky_piston":4,"minecraft:diamond_leggings":1,"minecraft:gold_nugget":2,"lucky:lucky_sword":1,"minecraft:bucket":2,"minecraft:beef":2,"minecraft:ender_eye":4,"minecraft:poppy":2,"minecraft:enchanted_golden_apple":4,"minecraft:iron_boots":3,"minecraft:stick":1,"minecraft:note_block":1,"minecraft:trident":1,"minecraft:golden_chestplate":1,"minecraft:prismarine_crystals":11,"minecraft:stone_pressure_plate":2,"minecraft:quartz_block":24,"minecraft:arrow":25,"minecraft:rotten_flesh":9,"minecraft:diamond_chestplate":3,"minecraft:light_blue_wool":2,"minecraft:tropical_fish":1,"minecraft:diamond_boots":1,"minecraft:saddle":1,"minecraft:gold_ingot":33,"minecraft:mutton":1,"minecraft:skeleton_skull":1,"minecraft:sponge":2,"minecraft:enchanting_table":1,"minecraft:leather_chestplate":1,"minecraft:water_bucket":2,"minecraft:golden_leggings":1,"minecraft:end_portal_frame":6,"minecraft:potato":239,"minecraft:chainmail_chestplate":1,"minecraft:golden_boots":1,"minecraft:gunpowder":5,"minecraft:wooden_hoe":1,"minecraft:lapis_lazuli":16,"lucky:lucky_bow":1,"minecraft:leather_boots":1,"minecraft:cooked_mutton":1,"minecraft:bone":22,"minecraft:apple":3,"minecraft:rabbit_hide":1,"minecraft:iron_ingot":33,"minecraft:rabbit":1,"minecraft:diamond_helmet":1,"minecraft:prismarine":16,"minecraft:iron_sword":1,"minecraft:milk_bucket":2,"minecraft:daylight_detector":2,"minecraft:red_wool":1,"minecraft:oak_pressure_plate":4,"minecraft:poisonous_potato":35,"minecraft:lava_bucket":2,"minecraft:sea_lantern":7,"minecraft:spider_eye":2,"minecraft:leather_helmet":1,"minecraft:diamond":34,"minecraft:slime_block":4,"minecraft:lever":1,"minecraft:chainmail_leggings":3,"minecraft:iron_helmet":1,"minecraft:crossbow":1,"minecraft:golden_apple":10,"minecraft:emerald":34,"minecraft:chainmail_helmet":2,"minecraft:bread":1,"minecraft:baked_potato":19,"minecraft:jack_o_lantern":6,"minecraft:red_concrete":10,"minecraft:nether_star":3,"minecraft:ender_pearl":11},"minecraft:mined":{"minecraft:frosted_ice":2,"lucky:lucky_block":104,"minecraft:glass":1},"minecraft:broken":{"minecraft:diamond_chestplate":1,"minecraft:diamond_boots":1},"minecraft:killed_by":{"minecraft:player":1,"minecraft:creeper":2,"minecraft:magma_cube":1,"minecraft:skeleton":2},"minecraft:dropped":{"minecraft:water_bucket":1,"minecraft:enchanted_book":4,"minecraft:bread":1,"minecraft:iron_ingot":37,"minecraft:daylight_detector":2,"minecraft:iron_sword":1,"minecraft:oak_pressure_plate":2,"minecraft:baked_potato":7,"minecraft:ender_pearl":10,"minecraft:nether_star":1,"minecraft:poisonous_potato":35,"minecraft:prismarine_shard":24,"minecraft:iron_helmet":1,"minecraft:prismarine_crystals":11,"lucky:lucky_potion":3,"minecraft:apple":3,"minecraft:red_wool":1,"minecraft:tropical_fish":1,"minecraft:leather_helmet":1,"minecraft:stick":1,"minecraft:emerald":34,"minecraft:lava_bucket":1,"minecraft:iron_trapdoor":2,"minecraft:wooden_hoe":1,"minecraft:mutton":1,"minecraft:light_blue_wool":1,"minecraft:wooden_axe":1,"minecraft:rabbit":1,"minecraft:jack_o_lantern":3,"minecraft:iron_leggings":1,"minecraft:gold_nugget":5,"minecraft:wither_rose":1,"minecraft:chainmail_leggings":2,"minecraft:string":4,"minecraft:bucket":1,"minecraft:gold_ingot":33,"minecraft:bone":20,"minecraft:note_block":1,"minecraft:red_concrete":10,"minecraft:nether_wart":1,"minecraft:rotten_flesh":4,"minecraft:iron_boots":3,"minecraft:enchanted_golden_apple":3,"minecraft:slime_block":4,"minecraft:prismarine":16,"minecraft:cooked_mutton":1,"minecraft:chainmail_chestplate":1,"minecraft:diamond_sword":1,"minecraft:rabbit_hide":1,"minecraft:potato":110,"minecraft:leather_chestplate":1,"minecraft:sea_lantern":7,"minecraft:trident":1,"minecraft:skeleton_skull":1,"minecraft:iron_chestplate":1,"minecraft:leather_boots":1,"minecraft:leather_leggings":1,"minecraft:stone_pressure_plate":2,"minecraft:spider_eye":1,"minecraft:rabbit_stew":8,"minecraft:arrow":21,"minecraft:beef":2,"minecraft:wooden_pickaxe":1,"minecraft:splash_potion":1},"minecraft:used":{"minecraft:lava_bucket":2,"minecraft:diamond_chestplate":1,"minecraft:potato":1,"lucky:lucky_potion":44,"minecraft:enchanted_golden_apple":1,"lucky:lucky_sword":88,"minecraft:golden_apple":5,"minecraft:crossbow":1,"minecraft:sponge":1,"minecraft:lever":1,"minecraft:diamond_sword":50,"minecraft:fishing_rod":2,"minecraft:bucket":2}},"DataVersion":3465}