{"stats":{"minecraft:custom":{"minecraft:time_since_rest":886,"minecraft:open_chest":5,"minecraft:crouch_one_cm":214,"minecraft:sprint_one_cm":8374,"minecraft:play_time":12248,"minecraft:deaths":1,"minecraft:damage_taken":60,"minecraft:walk_one_cm":35428,"minecraft:sneak_time":336,"minecraft:interact_with_anvil":1,"minecraft:drop":5,"minecraft:jump":78,"minecraft:leave_game":2,"minecraft:time_since_death":857,"minecraft:total_world_time":12248,"minecraft:interact_with_smoker":1,"minecraft:climb_one_cm":2500,"minecraft:damage_resisted":22016,"minecraft:fall_one_cm":5452,"minecraft:fly_one_cm":97366,"minecraft:inspect_dispenser":1},"minecraft:picked_up":{"minecraft:grass_block":1,"minecraft:quartz_stairs":3},"minecraft:used":{"minecraft:stone_bricks":3,"minecraft:grass_block":13,"minecraft:quartz_stairs":21},"minecraft:dropped":{"minecraft:quartz_stairs":4,"minecraft:grass_block":1}},"DataVersion":3465}