{"stats":{"minecraft:mined":{"minecraft:tuff":1,"minecraft:glass_pane":1,"minecraft:deepslate_diamond_ore":16,"minecraft:crafting_table":1,"minecraft:granite":11,"minecraft:short_grass":2,"minecraft:calcite":2,"minecraft:lapis_ore":1,"minecraft:wall_torch":1,"minecraft:amethyst_block":5,"minecraft:seagrass":2,"minecraft:furnace":1,"minecraft:iron_ore":29,"minecraft:andesite":5,"minecraft:coal_ore":5,"minecraft:oak_log":5,"minecraft:deepslate_iron_ore":7,"minecraft:gravel":4,"minecraft:dirt":3,"minecraft:smooth_basalt":1,"minecraft:stone":75,"minecraft:oak_leaves":1,"minecraft:deepslate":13},"minecraft:broken":{"minecraft:shield":1},"minecraft:custom":{"minecraft:interact_with_furnace":11,"minecraft:mob_kills":10,"minecraft:interact_with_crafting_table":8,"minecraft:leave_game":2,"minecraft:time_since_death":528,"minecraft:sleep_in_bed":1,"minecraft:time_since_rest":535,"minecraft:sprint_one_cm":94905,"minecraft:damage_taken":3093,"minecraft:walk_one_cm":105052,"minecraft:damage_blocked_by_shield":2257,"minecraft:drop":10,"minecraft:damage_dealt":2255,"minecraft:swim_one_cm":27654,"minecraft:fly_one_cm":554188,"minecraft:player_kills":1,"minecraft:open_chest":4,"minecraft:crouch_one_cm":7215,"minecraft:play_time":89484,"minecraft:deaths":8,"minecraft:sneak_time":4370,"minecraft:walk_under_water_one_cm":27183,"minecraft:jump":970,"minecraft:walk_on_water_one_cm":20001,"minecraft:enchant_item":2,"minecraft:total_world_time":89484,"minecraft:fall_one_cm":42065},"minecraft:used":{"minecraft:shield":53,"minecraft:leather_chestplate":2,"minecraft:iron_sword":33,"minecraft:leather_boots":1,"minecraft:iron_chestplate":3,"minecraft:dirt":3,"minecraft:crafting_table":1,"minecraft:granite":7,"minecraft:iron_axe":1,"minecraft:bread":10,"minecraft:iron_pickaxe":192,"minecraft:leather_helmet":1,"minecraft:cobblestone":48,"minecraft:furnace":1,"minecraft:andesite":5},"minecraft:dropped":{"minecraft:iron_ingot":2,"minecraft:granite":4,"minecraft:leather_helmet":1,"minecraft:leather_chestplate":2,"minecraft:iron_chestplate":2,"minecraft:leather_boots":1,"minecraft:wooden_pickaxe":1},"minecraft:picked_up":{"minecraft:iron_chestplate":2,"minecraft:crafting_table":1,"minecraft:leather_chestplate":1,"minecraft:andesite":5,"minecraft:wooden_pickaxe":2,"minecraft:tuff":1,"minecraft:oak_log":5,"minecraft:gunpowder":2,"minecraft:lapis_lazuli":6,"minecraft:string":2,"minecraft:dirt":19,"minecraft:iron_leggings":1,"minecraft:bone":4,"minecraft:cobbled_deepslate":14,"minecraft:iron_ingot":1,"minecraft:iron_pickaxe":1,"minecraft:iron_sword":1,"minecraft:iron_boots":1,"minecraft:furnace":1,"minecraft:raw_iron":37,"minecraft:stick":2,"minecraft:smooth_basalt":1,"minecraft:gravel":4,"minecraft:redstone":5,"minecraft:arrow":11,"minecraft:rotten_flesh":2,"minecraft:diamond":16,"minecraft:iron_helmet":1,"minecraft:granite":11,"minecraft:coal":9,"minecraft:cobblestone":75},"minecraft:crafted":{"minecraft:oak_planks":20,"minecraft:crafting_table":1,"minecraft:iron_sword":1,"minecraft:furnace":1,"minecraft:air":0,"minecraft:shield":1,"minecraft:iron_axe":1,"minecraft:stick":4,"minecraft:iron_ingot":8,"minecraft:diamond_chestplate":1},"minecraft:killed_by":{"minecraft:player":1,"minecraft:skeleton":2,"minecraft:creeper":1,"minecraft:bogged":2},"minecraft:killed":{"minecraft:bogged":6,"minecraft:witch":1,"minecraft:spider":1,"minecraft:skeleton":2}},"DataVersion":3953}