{"stats":{"minecraft:killed_by":{"minecraft:skeleton":1,"minecraft:creeper":1},"minecraft:picked_up":{"minecraft:splash_potion":5,"minecraft:yellow_dye":4,"minecraft:leather":12,"minecraft:golden_leggings":1,"minecraft:diamond_sword":1,"minecraft:end_portal_frame":6,"minecraft:potato":190,"minecraft:potion":2,"minecraft:light_gray_dye":6,"minecraft:golden_boots":1,"minecraft:lapis_lazuli":1,"lucky:lucky_bow":1,"lucky:lucky_potion":11,"minecraft:pufferfish":2,"minecraft:diamond_leggings":1,"minecraft:gold_nugget":2,"lucky:lucky_sword":2,"minecraft:beef":2,"minecraft:stone_pickaxe":1,"minecraft:diamond_helmet":1,"minecraft:quartz_stairs":4,"minecraft:prismarine":22,"minecraft:stone_hoe":1,"minecraft:spruce_trapdoor":1,"minecraft:golden_helmet":1,"minecraft:jukebox":1,"minecraft:brown_terracotta":1,"minecraft:oak_fence":9,"minecraft:lime_terracotta":1,"minecraft:poisonous_potato":32,"minecraft:red_terracotta":10,"minecraft:golden_chestplate":1,"minecraft:pink_terracotta":1,"minecraft:stone_pressure_plate":1,"minecraft:quartz_block":19,"minecraft:light_gray_terracotta":2,"minecraft:stone_sword":1,"minecraft:stone_shovel":1,"minecraft:rotten_flesh":2,"minecraft:light_blue_terracotta":20,"minecraft:diamond":26,"minecraft:slime_block":5,"minecraft:stone_axe":1,"minecraft:diamond_boots":1,"minecraft:hay_block":8,"minecraft:diamond_axe":1,"minecraft:painting":4,"minecraft:birch_sign":4,"minecraft:golden_horse_armor":1,"minecraft:emerald":22,"minecraft:white_terracotta":3,"minecraft:baked_potato":54},"minecraft:mined":{"minecraft:slime_block":9,"minecraft:iron_bars":1,"lucky:lucky_block":41},"minecraft:crafted":{"minecraft:diamond_chestplate":1},"minecraft:killed":{"minecraft:giant":1,"minecraft:zombie":8,"minecraft:llama":6,"minecraft:cow":1},"minecraft:used":{"minecraft:stone_pickaxe":11,"minecraft:baked_potato":1,"lucky:lucky_sword":10,"minecraft:diamond_sword":36,"minecraft:stone_axe":14},"minecraft:dropped":{"minecraft:golden_boots":1,"minecraft:stone_axe":1,"minecraft:pink_terracotta":1,"minecraft:golden_helmet":1,"minecraft:oak_log":1,"minecraft:golden_chestplate":1,"minecraft:light_gray_terracotta":2,"minecraft:golden_horse_armor":1,"minecraft:poisonous_potato":32,"minecraft:oak_fence":1,"minecraft:lime_terracotta":1,"minecraft:rotten_flesh":2,"minecraft:white_terracotta":3,"minecraft:salmon":2,"minecraft:pufferfish":2,"minecraft:potato":128,"minecraft:yellow_dye":4,"minecraft:spruce_trapdoor":1,"minecraft:quartz_stairs":4,"minecraft:golden_leggings":1,"minecraft:stone_pressure_plate":1,"minecraft:brown_terracotta":1,"minecraft:birch_sign":4,"minecraft:gold_nugget":4,"minecraft:light_gray_dye":6,"minecraft:spruce_log":1,"lucky:lucky_sword":1},"minecraft:custom":{"minecraft:interact_with_anvil":3,"minecraft:mob_kills":23,"minecraft:traded_with_villager":1,"minecraft:time_since_death":307,"minecraft:climb_one_cm":2352,"minecraft:time_since_rest":314,"minecraft:sprint_one_cm":47104,"minecraft:damage_taken":3069,"minecraft:walk_one_cm":34875,"minecraft:drop":35,"minecraft:damage_dealt":3708,"minecraft:talked_to_villager":3,"minecraft:fly_one_cm":222534,"minecraft:open_chest":5,"minecraft:play_time":17629,"minecraft:crouch_one_cm":632,"minecraft:deaths":6,"minecraft:sneak_time":185,"minecraft:jump":378,"minecraft:total_world_time":17629,"minecraft:fall_one_cm":11347}},"DataVersion":3465}