{"stats":{"minecraft:mined":{"minecraft:coal_ore":5,"minecraft:stone":9,"minecraft:andesite":5,"minecraft:wall_torch":1},"minecraft:custom":{"minecraft:time_since_rest":1075,"minecraft:open_chest":3,"minecraft:sprint_one_cm":16002,"minecraft:play_time":17601,"minecraft:walk_one_cm":15621,"minecraft:damage_taken":875,"minecraft:deaths":2,"minecraft:sneak_time":1177,"minecraft:walk_under_water_one_cm":9367,"minecraft:jump":171,"minecraft:damage_dealt":80,"minecraft:leave_game":1,"minecraft:time_since_death":1043,"minecraft:walk_on_water_one_cm":8479,"minecraft:total_world_time":17601,"minecraft:swim_one_cm":1769,"minecraft:fall_one_cm":7320,"minecraft:fly_one_cm":256948},"minecraft:used":{"minecraft:iron_chestplate":3,"minecraft:bread":2,"minecraft:iron_pickaxe":22,"minecraft:leather_helmet":1,"minecraft:leather_chestplate":2,"minecraft:leather_boots":1},"minecraft:picked_up":{"minecraft:iron_chestplate":1,"minecraft:arrow":1,"minecraft:andesite":5,"minecraft:iron_pickaxe":1,"minecraft:gunpowder":2,"minecraft:coal":5,"minecraft:cobblestone":9,"minecraft:dirt":16},"minecraft:killed_by":{"minecraft:player":1}},"DataVersion":3953}