{"stats":{"minecraft:killed_by":{"minecraft:player":3,"minecraft:creeper":2,"minecraft:skeleton":2,"minecraft:zombie":1},"minecraft:broken":{"minecraft:diamond_chestplate":1,"minecraft:diamond_helmet":1,"minecraft:diamond_boots":1},"minecraft:picked_up":{"minecraft:wooden_axe":1,"minecraft:azure_bluet":1,"minecraft:splash_potion":6,"minecraft:leather_leggings":1,"minecraft:diamond_sword":2,"minecraft:cooked_rabbit":2,"minecraft:potion":3,"minecraft:enchanted_book":1,"lucky:lucky_potion":34,"minecraft:pufferfish":2,"minecraft:diamond_leggings":2,"minecraft:gold_nugget":2,"lucky:lucky_sword":2,"minecraft:beef":5,"minecraft:enchanted_golden_apple":2,"minecraft:quartz_stairs":4,"minecraft:spruce_trapdoor":1,"minecraft:diamond_hoe":1,"minecraft:egg":1,"minecraft:golden_helmet":2,"minecraft:stick":2,"minecraft:jukebox":2,"minecraft:brown_terracotta":1,"minecraft:oak_fence":10,"minecraft:porkchop":1,"minecraft:cookie":61,"minecraft:pink_terracotta":1,"minecraft:golden_chestplate":2,"minecraft:stone_pressure_plate":1,"minecraft:quartz_block":22,"minecraft:stone_sword":1,"minecraft:arrow":5,"minecraft:rotten_flesh":19,"minecraft:stone_shovel":1,"minecraft:diamond_boots":1,"minecraft:hay_block":8,"minecraft:gold_ingot":15,"minecraft:white_terracotta":3,"minecraft:mutton":5,"minecraft:skeleton_skull":1,"minecraft:cobblestone":26,"minecraft:golden_leggings":2,"minecraft:leather":18,"minecraft:yellow_dye":4,"minecraft:end_portal_frame":12,"minecraft:potato":190,"minecraft:light_gray_dye":6,"minecraft:golden_boots":1,"minecraft:lapis_lazuli":1,"minecraft:dirt":42,"lucky:lucky_bow":1,"minecraft:bone":18,"minecraft:wheat_seeds":7,"minecraft:stone_pickaxe":1,"minecraft:diamond_helmet":2,"minecraft:prismarine":22,"minecraft:stone_hoe":1,"minecraft:lime_terracotta":1,"minecraft:dandelion":6,"minecraft:poisonous_potato":32,"minecraft:diamond_block":2,"minecraft:red_terracotta":10,"minecraft:light_gray_terracotta":2,"minecraft:sugar":28,"minecraft:light_blue_terracotta":20,"minecraft:diamond":155,"minecraft:stone_axe":1,"minecraft:slime_block":9,"minecraft:crossbow":1,"minecraft:diamond_axe":1,"minecraft:painting":4,"minecraft:birch_sign":4,"minecraft:golden_apple":3,"minecraft:golden_horse_armor":1,"minecraft:emerald":47,"minecraft:baked_potato":67},"minecraft:mined":{"minecraft:fire":1,"minecraft:diamond_block":1,"minecraft:azure_bluet":1,"minecraft:iron_bars":1,"lucky:lucky_block":150,"minecraft:dandelion":3,"minecraft:cornflower":1,"minecraft:tall_grass":22,"minecraft:slime_block":13,"minecraft:sugar_cane":1,"minecraft:grass":58,"minecraft:cobweb":1,"minecraft:oak_leaves":2},"minecraft:crafted":{"minecraft:diamond":9,"minecraft:diamond_leggings":1,"minecraft:diamond_boots":1,"minecraft:splash_potion":2,"minecraft:diamond_sword":1,"minecraft:potion":3,"minecraft:diamond_chestplate":2},"minecraft:killed":{"minecraft:giant":1,"minecraft:skeleton":6,"minecraft:llama":8,"minecraft:silverfish":1,"minecraft:skeleton_horse":1,"minecraft:rabbit":3,"minecraft:zombie":10,"minecraft:cow":1},"minecraft:used":{"minecraft:villager_spawn_egg":1,"lucky:lucky_block":64,"lucky:lucky_potion":34,"minecraft:stone_pickaxe":23,"minecraft:baked_potato":13,"lucky:lucky_sword":10,"minecraft:golden_apple":1,"minecraft:iron_pickaxe":1,"minecraft:stone_axe":14,"minecraft:diamond_sword":410,"minecraft:cobblestone":9,"minecraft:potion":2,"minecraft:splash_potion":4},"minecraft:dropped":{"minecraft:golden_boots":1,"minecraft:lapis_lazuli":1,"minecraft:golden_helmet":2,"minecraft:oak_log":1,"minecraft:glass_bottle":2,"minecraft:diamond":1,"minecraft:golden_horse_armor":1,"minecraft:diamond_leggings":2,"minecraft:poisonous_potato":32,"minecraft:crossbow":1,"minecraft:lime_terracotta":1,"minecraft:oak_fence":1,"minecraft:cobblestone":26,"minecraft:leather":18,"minecraft:stick":2,"minecraft:pufferfish":2,"minecraft:dirt":42,"minecraft:yellow_dye":4,"minecraft:mutton":5,"minecraft:wooden_axe":1,"minecraft:diamond_helmet":1,"minecraft:potion":1,"minecraft:brown_terracotta":1,"minecraft:gold_nugget":8,"minecraft:sugar":27,"minecraft:iron_pickaxe":1,"minecraft:dandelion":6,"minecraft:gold_ingot":15,"minecraft:pink_terracotta":1,"minecraft:stone_axe":1,"minecraft:golden_chestplate":2,"minecraft:stone_sword":1,"minecraft:light_gray_terracotta":2,"minecraft:rotten_flesh":2,"minecraft:villager_spawn_egg":1,"minecraft:slime_block":9,"minecraft:prismarine":22,"minecraft:azure_bluet":1,"minecraft:white_terracotta":3,"minecraft:salmon":2,"minecraft:diamond_sword":1,"minecraft:potato":128,"minecraft:hay_block":8,"minecraft:spruce_trapdoor":1,"minecraft:quartz_block":22,"minecraft:quartz_stairs":4,"minecraft:golden_leggings":2,"minecraft:end_portal_frame":6,"minecraft:leather_leggings":1,"minecraft:stone_pressure_plate":1,"minecraft:birch_sign":4,"minecraft:light_gray_dye":6,"minecraft:painting":4,"minecraft:spruce_log":1,"minecraft:light_blue_terracotta":20,"lucky:lucky_sword":1,"minecraft:cooked_rabbit":1,"minecraft:splash_potion":1},"minecraft:custom":{"minecraft:mob_kills":50,"minecraft:interact_with_anvil":7,"minecraft:damage_dealt_resisted":24,"minecraft:leave_game":1,"minecraft:time_since_death":1464,"minecraft:climb_one_cm":2352,"minecraft:damage_resisted":2982,"minecraft:sprint_one_cm":119450,"minecraft:walk_one_cm":124578,"minecraft:drop":80,"minecraft:damage_dealt_absorbed":1060,"minecraft:talked_to_villager":26,"minecraft:play_time":59902,"minecraft:deaths":14,"minecraft:sneak_time":630,"minecraft:walk_under_water_one_cm":4484,"minecraft:jump":1045,"minecraft:walk_on_water_one_cm":26587,"minecraft:total_world_time":59902,"minecraft:traded_with_villager":10,"minecraft:time_since_rest":1470,"minecraft:damage_taken":6972,"minecraft:damage_absorbed":279,"minecraft:damage_dealt":6794,"minecraft:swim_one_cm":1561,"minecraft:fly_one_cm":430110,"minecraft:player_kills":1,"minecraft:open_chest":6,"minecraft:crouch_one_cm":2040,"minecraft:fall_one_cm":51713}},"DataVersion":3465}