{"stats":{"minecraft:killed_by":{"minecraft:player":2,"minecraft:skeleton":1,"minecraft:creeper":1,"minecraft:zombie":1},"minecraft:broken":{"minecraft:diamond_boots":1,"minecraft:diamond_chestplate":1,"minecraft:diamond_helmet":1},"minecraft:picked_up":{"minecraft:splash_potion":6,"minecraft:cooked_rabbit":1,"minecraft:enchanted_book":1,"minecraft:yellow_dye":4,"minecraft:leather":12,"minecraft:golden_leggings":1,"minecraft:diamond_sword":1,"minecraft:end_portal_frame":6,"minecraft:potato":190,"minecraft:potion":3,"minecraft:light_gray_dye":6,"minecraft:golden_boots":1,"minecraft:lapis_lazuli":1,"minecraft:dirt":42,"lucky:lucky_bow":1,"lucky:lucky_potion":34,"minecraft:pufferfish":2,"minecraft:bone":12,"minecraft:wheat_seeds":6,"minecraft:diamond_leggings":2,"minecraft:gold_nugget":2,"lucky:lucky_sword":2,"minecraft:beef":5,"minecraft:stone_pickaxe":1,"minecraft:diamond_helmet":2,"minecraft:quartz_stairs":4,"minecraft:prismarine":22,"minecraft:stone_hoe":1,"minecraft:spruce_trapdoor":1,"minecraft:golden_helmet":1,"minecraft:jukebox":2,"minecraft:brown_terracotta":1,"minecraft:oak_fence":10,"minecraft:dandelion":6,"minecraft:lime_terracotta":1,"minecraft:poisonous_potato":32,"minecraft:arrow":3,"minecraft:cookie":28,"minecraft:sugar":28,"minecraft:red_terracotta":10,"minecraft:golden_chestplate":1,"minecraft:pink_terracotta":1,"minecraft:stone_pressure_plate":1,"minecraft:quartz_block":22,"minecraft:light_gray_terracotta":2,"minecraft:stone_sword":1,"minecraft:stone_shovel":1,"minecraft:rotten_flesh":15,"minecraft:light_blue_terracotta":20,"minecraft:diamond":70,"minecraft:slime_block":5,"minecraft:stone_axe":1,"minecraft:diamond_boots":1,"minecraft:hay_block":8,"minecraft:crossbow":1,"minecraft:diamond_axe":1,"minecraft:painting":4,"minecraft:birch_sign":4,"minecraft:gold_ingot":15,"minecraft:golden_horse_armor":1,"minecraft:emerald":47,"minecraft:white_terracotta":3,"minecraft:baked_potato":55,"minecraft:cobblestone":14},"minecraft:mined":{"minecraft:dandelion":3,"minecraft:cornflower":1,"minecraft:tall_grass":22,"minecraft:slime_block":9,"minecraft:fire":1,"minecraft:azure_bluet":1,"minecraft:grass":57,"minecraft:iron_bars":1,"minecraft:cobweb":1,"lucky:lucky_block":76,"minecraft:oak_leaves":2},"minecraft:killed":{"minecraft:giant":1,"minecraft:rabbit":3,"minecraft:skeleton":4,"minecraft:zombie":10,"minecraft:silverfish":1,"minecraft:llama":8,"minecraft:skeleton_horse":1,"minecraft:cow":1},"minecraft:crafted":{"minecraft:diamond_sword":1,"minecraft:potion":1,"minecraft:diamond_chestplate":1},"minecraft:used":{"minecraft:stone_pickaxe":23,"minecraft:baked_potato":7,"lucky:lucky_sword":10,"minecraft:golden_apple":1,"minecraft:diamond_sword":360,"minecraft:stone_axe":14,"minecraft:potion":1,"lucky:lucky_potion":34,"minecraft:splash_potion":2},"minecraft:dropped":{"minecraft:golden_boots":1,"minecraft:stone_axe":1,"minecraft:pink_terracotta":1,"minecraft:lapis_lazuli":1,"minecraft:golden_helmet":1,"minecraft:oak_log":1,"minecraft:golden_chestplate":1,"minecraft:stone_sword":1,"minecraft:diamond":1,"minecraft:light_gray_terracotta":2,"minecraft:golden_horse_armor":1,"minecraft:poisonous_potato":32,"minecraft:crossbow":1,"minecraft:oak_fence":1,"minecraft:lime_terracotta":1,"minecraft:cobblestone":14,"minecraft:rotten_flesh":2,"minecraft:slime_block":5,"minecraft:white_terracotta":3,"minecraft:salmon":2,"minecraft:pufferfish":2,"minecraft:dirt":42,"minecraft:potato":128,"minecraft:hay_block":8,"minecraft:yellow_dye":4,"minecraft:spruce_trapdoor":1,"minecraft:quartz_block":22,"minecraft:quartz_stairs":4,"minecraft:painting":4,"minecraft:golden_leggings":1,"minecraft:potion":1,"minecraft:stone_pressure_plate":1,"minecraft:brown_terracotta":1,"minecraft:birch_sign":4,"minecraft:gold_nugget":5,"minecraft:light_gray_dye":6,"minecraft:spruce_log":1,"minecraft:light_blue_terracotta":20,"lucky:lucky_sword":1,"minecraft:splash_potion":1,"minecraft:gold_ingot":15},"minecraft:custom":{"minecraft:interact_with_anvil":7,"minecraft:mob_kills":46,"minecraft:traded_with_villager":3,"minecraft:damage_dealt_resisted":24,"minecraft:time_since_death":1060,"minecraft:climb_one_cm":2352,"minecraft:damage_resisted":2876,"minecraft:time_since_rest":1065,"minecraft:damage_absorbed":279,"minecraft:sprint_one_cm":105328,"minecraft:damage_taken":5136,"minecraft:walk_one_cm":99705,"minecraft:drop":50,"minecraft:damage_dealt":6531,"minecraft:player_kills":1,"minecraft:damage_dealt_absorbed":864,"minecraft:talked_to_villager":6,"minecraft:fly_one_cm":346419,"minecraft:open_chest":5,"minecraft:play_time":41629,"minecraft:crouch_one_cm":847,"minecraft:deaths":10,"minecraft:sneak_time":370,"minecraft:jump":886,"minecraft:walk_on_water_one_cm":10623,"minecraft:total_world_time":41629,"minecraft:fall_one_cm":44513}},"DataVersion":3465}