{"stats":{"minecraft:custom":{"minecraft:time_since_rest":3892,"minecraft:damage_taken":30,"minecraft:sprint_one_cm":5594,"minecraft:walk_one_cm":14951,"minecraft:drop":1,"minecraft:damage_dealt":10,"minecraft:fly_one_cm":5548,"minecraft:crouch_one_cm":145,"minecraft:play_time":5605,"minecraft:deaths":2,"minecraft:sneak_time":94,"minecraft:jump":9,"minecraft:time_since_death":3866,"minecraft:total_world_time":5605,"minecraft:fall_one_cm":211},"minecraft:picked_up":{"minecraft:allium":9,"minecraft:azure_bluet":9,"minecraft:iron_trapdoor":2,"minecraft:repeater":8,"minecraft:oak_door":1,"minecraft:iron_door":1,"minecraft:tripwire_hook":2,"minecraft:daylight_detector":1,"minecraft:redstone_lamp":4,"minecraft:diamond_sword":1,"minecraft:dandelion":10,"minecraft:oak_pressure_plate":2,"minecraft:end_portal_frame":5,"minecraft:note_block":1,"minecraft:dropper":4,"minecraft:stone_button":2,"minecraft:redstone":34,"minecraft:heavy_weighted_pressure_plate":1,"minecraft:dragon_egg":1,"minecraft:oak_trapdoor":2,"minecraft:stone_pressure_plate":2,"minecraft:tnt":6,"minecraft:sticky_piston":4,"minecraft:dispenser":3,"minecraft:blue_orchid":11,"minecraft:stone_bricks":3,"minecraft:lever":2,"minecraft:comparator":2,"minecraft:hay_block":8,"minecraft:light_weighted_pressure_plate":1,"minecraft:oak_fence_gate":1,"minecraft:pink_tulip":9,"minecraft:redstone_torch":8,"minecraft:poppy":7,"minecraft:oak_button":2,"minecraft:piston":4,"minecraft:hopper":4,"minecraft:oxeye_daisy":6},"minecraft:mined":{"lucky:lucky_block":9},"minecraft:dropped":{"minecraft:dragon_egg":1},"minecraft:used":{"minecraft:lever":1,"minecraft:dispenser":1,"minecraft:stone_bricks":3,"minecraft:tnt":2,"minecraft:note_block":1}},"DataVersion":3465}