{"stats":{"minecraft:mined":{"minecraft:tuff":1,"minecraft:glass_pane":1,"minecraft:deepslate_diamond_ore":16,"minecraft:crafting_table":1,"minecraft:granite":11,"minecraft:short_grass":2,"minecraft:calcite":2,"minecraft:decorated_pot":14,"minecraft:lapis_ore":1,"minecraft:red_mushroom":1,"minecraft:wall_torch":1,"minecraft:amethyst_block":5,"minecraft:seagrass":2,"minecraft:furnace":1,"minecraft:iron_ore":29,"minecraft:fire":1,"minecraft:andesite":5,"minecraft:coal_ore":5,"minecraft:oak_log":5,"minecraft:deepslate_iron_ore":7,"minecraft:gravel":4,"minecraft:dirt":3,"minecraft:cobweb":1,"minecraft:smooth_basalt":1,"minecraft:stone":75,"minecraft:oak_leaves":1,"minecraft:deepslate":13},"minecraft:broken":{"minecraft:shield":1,"minecraft:bow":1},"minecraft:custom":{"minecraft:interact_with_furnace":13,"minecraft:mob_kills":52,"minecraft:interact_with_crafting_table":10,"minecraft:open_barrel":6,"minecraft:leave_game":2,"minecraft:time_since_death":556,"minecraft:sleep_in_bed":1,"minecraft:climb_one_cm":2467,"minecraft:time_since_rest":562,"minecraft:sprint_one_cm":122382,"minecraft:damage_taken":4384,"minecraft:walk_one_cm":159632,"minecraft:damage_blocked_by_shield":3177,"minecraft:drop":30,"minecraft:damage_dealt":4945,"minecraft:swim_one_cm":27708,"minecraft:fly_one_cm":590294,"minecraft:player_kills":1,"minecraft:open_chest":8,"minecraft:crouch_one_cm":7577,"minecraft:play_time":101484,"minecraft:deaths":12,"minecraft:sneak_time":4467,"minecraft:walk_under_water_one_cm":27878,"minecraft:jump":1196,"minecraft:walk_on_water_one_cm":20840,"minecraft:enchant_item":2,"minecraft:total_world_time":101484,"minecraft:fall_one_cm":53016},"minecraft:used":{"minecraft:baked_potato":3,"minecraft:shield":80,"minecraft:leather_chestplate":2,"minecraft:iron_sword":102,"minecraft:leather_boots":1,"minecraft:trial_key":3,"minecraft:iron_chestplate":3,"minecraft:dirt":3,"minecraft:crafting_table":1,"minecraft:granite":7,"minecraft:wind_charge":3,"minecraft:iron_axe":3,"minecraft:bread":11,"minecraft:iron_pickaxe":192,"minecraft:leather_helmet":1,"minecraft:gravel":3,"minecraft:bow":5,"minecraft:cobblestone":51,"minecraft:furnace":2,"minecraft:andesite":5},"minecraft:dropped":{"minecraft:iron_ingot":2,"minecraft:cobbled_deepslate":14,"minecraft:tuff":1,"minecraft:decorated_pot":3,"minecraft:granite":4,"minecraft:leather_helmet":1,"minecraft:red_mushroom":1,"minecraft:music_disc_creator_music_box":2,"minecraft:stick":9,"minecraft:dirt":16,"minecraft:leather_chestplate":2,"minecraft:trial_key":2,"minecraft:iron_chestplate":2,"minecraft:leather_boots":1,"minecraft:slime_ball":3,"minecraft:spider_eye":4,"minecraft:wooden_pickaxe":1,"minecraft:brick":20,"minecraft:smooth_basalt":3},"minecraft:picked_up":{"minecraft:iron_chestplate":2,"minecraft:crafting_table":1,"minecraft:leather_chestplate":1,"minecraft:ominous_bottle":1,"minecraft:andesite":5,"minecraft:wooden_pickaxe":2,"minecraft:red_mushroom":1,"minecraft:enchanted_book":1,"minecraft:tuff":1,"minecraft:oak_log":5,"minecraft:amethyst_block":2,"minecraft:brick":20,"minecraft:gunpowder":2,"minecraft:wind_charge":11,"minecraft:lapis_lazuli":6,"minecraft:string":16,"minecraft:dirt":19,"minecraft:iron_axe":1,"minecraft:iron_leggings":1,"minecraft:bone":42,"minecraft:bow":6,"minecraft:cobbled_deepslate":14,"minecraft:iron_ingot":2,"minecraft:trial_key":6,"minecraft:bolt_armor_trim_smithing_template":1,"minecraft:iron_pickaxe":1,"minecraft:oak_planks":20,"minecraft:iron_sword":1,"minecraft:iron_boots":1,"minecraft:furnace":1,"minecraft:tipped_arrow":13,"minecraft:raw_iron":37,"minecraft:stick":4,"minecraft:smooth_basalt":3,"minecraft:emerald_block":1,"minecraft:gravel":4,"minecraft:redstone":5,"minecraft:music_disc_creator_music_box":2,"minecraft:spider_eye":8,"minecraft:leather_helmet":1,"minecraft:slime_ball":3,"minecraft:arrow":39,"minecraft:rotten_flesh":2,"minecraft:diamond":17,"minecraft:decorated_pot":4,"minecraft:iron_helmet":1,"minecraft:granite":11,"minecraft:emerald":8,"minecraft:coal":9,"minecraft:cobblestone":75},"minecraft:crafted":{"minecraft:oak_planks":20,"minecraft:crafting_table":1,"minecraft:baked_potato":4,"minecraft:iron_sword":1,"minecraft:furnace":1,"minecraft:air":0,"minecraft:bow":2,"minecraft:shield":2,"minecraft:iron_axe":1,"minecraft:stick":8,"minecraft:iron_ingot":8,"minecraft:diamond_chestplate":1},"minecraft:killed_by":{"minecraft:player":1,"minecraft:skeleton":2,"minecraft:creeper":1,"minecraft:spider":2,"minecraft:bogged":3},"minecraft:killed":{"minecraft:bogged":18,"minecraft:witch":1,"minecraft:spider":10,"minecraft:slime":18,"minecraft:skeleton":2}},"DataVersion":3953}