{"stats":{"minecraft:mined":{"minecraft:glass_pane":1,"minecraft:furnace":1,"minecraft:deepslate_diamond_ore":4,"minecraft:iron_ore":29,"minecraft:andesite":5,"minecraft:crafting_table":1,"minecraft:granite":11,"minecraft:short_grass":2,"minecraft:deepslate_iron_ore":7,"minecraft:oak_log":5,"minecraft:coal_ore":5,"minecraft:gravel":4,"minecraft:dirt":3,"minecraft:lapis_ore":1,"minecraft:stone":56,"minecraft:oak_leaves":1,"minecraft:wall_torch":1,"minecraft:deepslate":1},"minecraft:custom":{"minecraft:time_since_rest":1724,"minecraft:interact_with_furnace":9,"minecraft:sprint_one_cm":55840,"minecraft:damage_taken":2249,"minecraft:walk_one_cm":59458,"minecraft:damage_blocked_by_shield":1417,"minecraft:mob_kills":3,"minecraft:drop":4,"minecraft:damage_dealt":1195,"minecraft:interact_with_crafting_table":6,"minecraft:player_kills":1,"minecraft:swim_one_cm":5890,"minecraft:fly_one_cm":486498,"minecraft:open_chest":4,"minecraft:play_time":41484,"minecraft:crouch_one_cm":3111,"minecraft:deaths":5,"minecraft:sneak_time":3026,"minecraft:walk_under_water_one_cm":23468,"minecraft:jump":590,"minecraft:leave_game":2,"minecraft:time_since_death":1717,"minecraft:walk_on_water_one_cm":17347,"minecraft:sleep_in_bed":1,"minecraft:total_world_time":41484,"minecraft:fall_one_cm":25317},"minecraft:used":{"minecraft:iron_axe":1,"minecraft:bread":7,"minecraft:iron_pickaxe":138,"minecraft:leather_helmet":1,"minecraft:leather_chestplate":2,"minecraft:shield":38,"minecraft:iron_sword":15,"minecraft:leather_boots":1,"minecraft:iron_chestplate":3,"minecraft:dirt":3,"minecraft:cobblestone":3,"minecraft:crafting_table":1,"minecraft:furnace":1,"minecraft:andesite":5},"minecraft:dropped":{"minecraft:iron_ingot":2,"minecraft:leather_chestplate":2},"minecraft:picked_up":{"minecraft:crafting_table":1,"minecraft:iron_chestplate":1,"minecraft:stick":2,"minecraft:raw_iron":37,"minecraft:leather_chestplate":1,"minecraft:andesite":5,"minecraft:gravel":4,"minecraft:oak_log":5,"minecraft:gunpowder":2,"minecraft:redstone":5,"minecraft:lapis_lazuli":6,"minecraft:dirt":19,"minecraft:bone":1,"minecraft:arrow":4,"minecraft:diamond":4,"minecraft:cobbled_deepslate":2,"minecraft:iron_ingot":1,"minecraft:granite":11,"minecraft:iron_pickaxe":1,"minecraft:coal":9,"minecraft:cobblestone":56,"minecraft:furnace":1},"minecraft:crafted":{"minecraft:oak_planks":20,"minecraft:shield":1,"minecraft:iron_axe":1,"minecraft:crafting_table":1,"minecraft:stick":4,"minecraft:iron_ingot":8,"minecraft:iron_sword":1,"minecraft:furnace":1,"minecraft:air":0},"minecraft:killed_by":{"minecraft:player":1,"minecraft:skeleton":2,"minecraft:creeper":1},"minecraft:killed":{"minecraft:skeleton":2,"minecraft:witch":1}},"DataVersion":3953}