{"stats":{"minecraft:crafted":{"minecraft:diamond":9,"minecraft:diamond_helmet":1,"minecraft:diamond_leggings":1,"minecraft:diamond_boots":1,"minecraft:splash_potion":1,"minecraft:air":0,"minecraft:diamond_chestplate":1},"minecraft:custom":{"minecraft:interact_with_anvil":10,"minecraft:mob_kills":43,"minecraft:interact_with_crafting_table":5,"minecraft:damage_dealt_resisted":824,"minecraft:eat_cake_slice":3,"minecraft:leave_game":1,"minecraft:time_since_death":1533,"minecraft:damage_resisted":5318,"minecraft:sprint_one_cm":134385,"minecraft:walk_one_cm":208920,"minecraft:drop":155,"minecraft:damage_dealt_absorbed":1301,"minecraft:talked_to_villager":2,"minecraft:play_time":61792,"minecraft:deaths":35,"minecraft:sneak_time":2128,"minecraft:walk_under_water_one_cm":1744,"minecraft:jump":937,"minecraft:walk_on_water_one_cm":4572,"minecraft:total_world_time":61792,"minecraft:play_record":1,"minecraft:traded_with_villager":1,"minecraft:interact_with_grindstone":1,"minecraft:time_since_rest":1567,"minecraft:damage_absorbed":1617,"minecraft:damage_taken":13353,"minecraft:damage_dealt":4845,"minecraft:swim_one_cm":2345,"minecraft:fly_one_cm":553741,"minecraft:player_kills":4,"minecraft:open_chest":7,"minecraft:crouch_one_cm":11799,"minecraft:fall_one_cm":73125,"minecraft:horse_one_cm":18199},"minecraft:killed":{"minecraft:cave_spider":1,"minecraft:spider":6,"minecraft:slime":1,"minecraft:horse":2,"minecraft:skeleton":1,"minecraft:chicken":1,"minecraft:wolf":1,"minecraft:magma_cube":1,"minecraft:zombie":14},"minecraft:picked_up":{"minecraft:iron_chestplate":2,"minecraft:allium":9,"minecraft:rabbit_stew":4,"minecraft:azure_bluet":19,"minecraft:purple_wool":1,"minecraft:splash_potion":3,"minecraft:iron_trapdoor":4,"minecraft:nether_wart":1,"minecraft:redstone_lamp":4,"minecraft:golden_pickaxe":1,"minecraft:yellow_wool":6,"minecraft:leather_leggings":1,"minecraft:diamond_sword":2,"minecraft:potion":4,"minecraft:enchanted_book":8,"minecraft:golden_shovel":1,"minecraft:golden_sword":1,"minecraft:heavy_weighted_pressure_plate":2,"minecraft:cornflower":1,"minecraft:string":8,"minecraft:oak_trapdoor":4,"lucky:lucky_potion":45,"minecraft:cooked_salmon":6,"minecraft:wooden_sword":1,"minecraft:iron_leggings":2,"minecraft:sticky_piston":12,"minecraft:blue_orchid":13,"minecraft:diamond_leggings":1,"minecraft:gold_nugget":3,"minecraft:comparator":4,"minecraft:light_weighted_pressure_plate":2,"minecraft:redstone_torch":16,"minecraft:poppy":14,"minecraft:light_gray_wool":1,"minecraft:enchanted_golden_apple":7,"minecraft:chest":1,"minecraft:piston":4,"minecraft:diamond_hoe":2,"minecraft:golden_helmet":1,"minecraft:stick":1,"minecraft:sandstone":2,"minecraft:music_disc_blocks":1,"minecraft:oak_door":2,"minecraft:jukebox":2,"minecraft:note_block":5,"minecraft:porkchop":1,"minecraft:golden_axe":2,"minecraft:stone_button":2,"minecraft:redstone":64,"minecraft:golden_chestplate":1,"minecraft:stone_pressure_plate":4,"minecraft:chicken_spawn_egg":1,"minecraft:tnt":50,"minecraft:quartz_block":25,"minecraft:arrow":30,"minecraft:rotten_flesh":38,"minecraft:golden_hoe":1,"minecraft:hay_block":16,"minecraft:saddle":3,"minecraft:pink_tulip":27,"minecraft:green_wool":2,"minecraft:skeleton_skull":1,"minecraft:cobblestone":3,"minecraft:oxeye_daisy":9,"minecraft:sponge":1,"minecraft:leather_chestplate":1,"minecraft:golden_carrot":2,"minecraft:repeater":16,"minecraft:iron_door":2,"minecraft:tripwire_hook":10,"minecraft:salmon":11,"minecraft:leather":8,"minecraft:golden_leggings":1,"minecraft:end_portal_frame":12,"minecraft:potato":16,"minecraft:mushroom_stew":1,"minecraft:golden_boots":1,"lucky:lucky_block":3,"minecraft:leather_boots":1,"minecraft:apple":19,"minecraft:stone_bricks":3,"minecraft:bow":4,"minecraft:wheat_seeds":4,"minecraft:rabbit_hide":8,"minecraft:iron_ingot":19,"minecraft:oak_fence_gate":4,"minecraft:cooked_chicken":13,"minecraft:diamond_helmet":1,"minecraft:rabbit":59,"minecraft:prismarine":27,"minecraft:cooked_porkchop":1,"minecraft:daylight_detector":2,"minecraft:red_wool":1,"minecraft:dandelion":10,"minecraft:oak_pressure_plate":2,"minecraft:poisonous_potato":3,"minecraft:dropper":4,"minecraft:melon":24,"minecraft:diamond_block":1,"minecraft:dragon_egg":3,"minecraft:leather_helmet":1,"minecraft:diamond_shovel":2,"minecraft:dispenser":11,"minecraft:slime_ball":2,"minecraft:diamond":45,"minecraft:slime_block":4,"minecraft:lever":5,"minecraft:chainmail_leggings":1,"minecraft:iron_helmet":3,"minecraft:painting":6,"minecraft:golden_apple":5,"minecraft:bread":33,"minecraft:golden_horse_armor":3,"minecraft:chainmail_helmet":1,"minecraft:oak_button":4,"minecraft:baked_potato":5,"minecraft:hopper":16,"minecraft:diamond_pickaxe":1},"minecraft:mined":{"minecraft:oxeye_daisy":2,"minecraft:sandstone":2,"minecraft:fire":3,"minecraft:azure_bluet":1,"minecraft:enchanting_table":1,"lucky:lucky_block":82,"minecraft:stone":5,"minecraft:cornflower":1,"minecraft:poppy":1,"minecraft:tall_grass":20,"minecraft:glass":2,"minecraft:slime_block":4,"minecraft:seagrass":6,"minecraft:grass":52,"minecraft:cobweb":2},"minecraft:broken":{"minecraft:diamond_helmet":2,"minecraft:diamond_leggings":1,"minecraft:diamond_boots":1},"minecraft:killed_by":{"minecraft:player":6,"minecraft:creeper":1,"minecraft:spider":2,"minecraft:skeleton":2,"minecraft:zombie":3,"minecraft:wither":1},"minecraft:dropped":{"minecraft:enchanted_book":7,"minecraft:golden_boots":1,"minecraft:daylight_detector":2,"minecraft:porkchop":1,"minecraft:wheat_seeds":4,"minecraft:golden_helmet":1,"minecraft:oak_pressure_plate":2,"minecraft:baked_potato":5,"minecraft:tnt":22,"minecraft:golden_pickaxe":1,"minecraft:glass_bottle":1,"minecraft:golden_horse_armor":2,"minecraft:cooked_porkchop":1,"minecraft:poisonous_potato":3,"minecraft:golden_axe":1,"minecraft:iron_helmet":3,"minecraft:cobblestone":3,"minecraft:leather":8,"minecraft:red_wool":1,"minecraft:saddle":1,"minecraft:chicken_spawn_egg":1,"minecraft:chainmail_helmet":1,"minecraft:leather_helmet":1,"minecraft:stick":1,"minecraft:light_weighted_pressure_plate":2,"minecraft:oxeye_daisy":8,"minecraft:melon":24,"minecraft:iron_trapdoor":4,"minecraft:golden_carrot":2,"minecraft:stone_button":2,"minecraft:sponge":1,"minecraft:dispenser":6,"minecraft:cornflower":1,"minecraft:repeater":16,"minecraft:iron_door":2,"minecraft:potion":1,"minecraft:iron_leggings":1,"minecraft:wooden_sword":1,"minecraft:gold_nugget":4,"minecraft:golden_hoe":1,"minecraft:purple_wool":1,"minecraft:chainmail_leggings":1,"minecraft:string":7,"minecraft:tripwire_hook":10,"minecraft:dandelion":10,"minecraft:pink_tulip":27,"minecraft:green_wool":2,"minecraft:oak_door":2,"minecraft:note_block":3,"minecraft:lever":3,"minecraft:oak_trapdoor":4,"minecraft:golden_chestplate":1,"minecraft:nether_wart":1,"minecraft:jukebox":1,"minecraft:sticky_piston":8,"minecraft:diamond_hoe":2,"minecraft:yellow_wool":6,"minecraft:rotten_flesh":38,"minecraft:light_gray_wool":1,"minecraft:comparator":4,"minecraft:diamond_shovel":1,"minecraft:slime_block":4,"minecraft:prismarine":26,"minecraft:golden_shovel":1,"minecraft:azure_bluet":9,"minecraft:salmon":11,"minecraft:rabbit_hide":2,"minecraft:poppy":14,"minecraft:oak_fence_gate":4,"minecraft:leather_chestplate":1,"minecraft:potato":16,"minecraft:diamond_chestplate":1,"minecraft:oak_button":4,"minecraft:allium":9,"minecraft:heavy_weighted_pressure_plate":2,"minecraft:skeleton_skull":1,"minecraft:dropper":4,"minecraft:dragon_egg":2,"minecraft:iron_chestplate":2,"minecraft:quartz_block":6,"minecraft:hopper":8,"minecraft:leather_boots":1,"minecraft:golden_leggings":1,"minecraft:chest":1,"minecraft:golden_sword":1,"minecraft:leather_leggings":1,"minecraft:redstone_torch":15,"minecraft:stone_pressure_plate":3,"minecraft:painting":6,"minecraft:rabbit_stew":4,"minecraft:arrow":8,"minecraft:blue_orchid":13,"minecraft:bow":2,"lucky:lucky_sword":1},"minecraft:used":{"minecraft:dispenser":3,"minecraft:cooked_salmon":6,"minecraft:dragon_egg":1,"minecraft:golden_chestplate":1,"lucky:lucky_block":3,"minecraft:jungle_log":2,"minecraft:stone_bricks":3,"minecraft:redstone_lamp":4,"minecraft:bow":11,"minecraft:stone_pressure_plate":1,"lucky:lucky_potion":414,"minecraft:enchanted_golden_apple":7,"minecraft:prismarine":1,"minecraft:redstone_block":1,"minecraft:sandstone":2,"lucky:lucky_sword":130,"minecraft:golden_apple":1,"minecraft:tnt":6,"minecraft:note_block":1,"minecraft:redstone_torch":1,"minecraft:sticky_piston":4,"minecraft:piston":4,"minecraft:lever":2,"minecraft:diamond_pickaxe":14,"minecraft:command_block":2,"minecraft:barrier":1,"minecraft:bread":1,"minecraft:music_disc_blocks":1,"minecraft:diamond_sword":241,"minecraft:potion":2,"minecraft:golden_pickaxe":7,"minecraft:jukebox":1,"minecraft:splash_potion":4}},"DataVersion":3465}