{"stats":{"minecraft:crafted":{"minecraft:diamond":9,"minecraft:diamond_helmet":1,"minecraft:diamond_leggings":1,"minecraft:diamond_boots":1,"minecraft:splash_potion":1,"minecraft:air":0,"minecraft:diamond_chestplate":1},"minecraft:custom":{"minecraft:interact_with_anvil":2,"minecraft:mob_kills":24,"minecraft:interact_with_crafting_table":5,"minecraft:time_since_death":17,"minecraft:sprint_one_cm":53526,"minecraft:walk_one_cm":88300,"minecraft:drop":99,"minecraft:talked_to_villager":2,"minecraft:play_time":29595,"minecraft:deaths":22,"minecraft:sneak_time":476,"minecraft:walk_under_water_one_cm":1744,"minecraft:jump":396,"minecraft:walk_on_water_one_cm":1094,"minecraft:total_world_time":29595,"minecraft:play_record":1,"minecraft:traded_with_villager":1,"minecraft:interact_with_grindstone":1,"minecraft:time_since_rest":48,"minecraft:damage_taken":7157,"minecraft:damage_dealt":2240,"minecraft:swim_one_cm":2345,"minecraft:fly_one_cm":250367,"minecraft:player_kills":1,"minecraft:open_chest":6,"minecraft:crouch_one_cm":1624,"minecraft:fall_one_cm":27080,"minecraft:horse_one_cm":18199},"minecraft:killed":{"minecraft:spider":4,"minecraft:skeleton":1,"minecraft:wolf":1,"minecraft:magma_cube":1,"minecraft:zombie":7},"minecraft:picked_up":{"minecraft:allium":9,"minecraft:azure_bluet":18,"minecraft:purple_wool":1,"minecraft:splash_potion":3,"minecraft:iron_trapdoor":4,"minecraft:nether_wart":1,"minecraft:redstone_lamp":4,"minecraft:golden_pickaxe":1,"minecraft:yellow_wool":6,"minecraft:leather_leggings":1,"minecraft:diamond_sword":2,"minecraft:potion":4,"minecraft:enchanted_book":4,"minecraft:golden_shovel":1,"minecraft:golden_sword":1,"minecraft:heavy_weighted_pressure_plate":2,"minecraft:oak_trapdoor":4,"minecraft:cooked_salmon":4,"minecraft:wooden_sword":1,"minecraft:sticky_piston":12,"minecraft:blue_orchid":13,"minecraft:gold_nugget":3,"minecraft:comparator":4,"minecraft:light_weighted_pressure_plate":2,"minecraft:redstone_torch":16,"minecraft:poppy":14,"minecraft:light_gray_wool":1,"minecraft:chest":1,"minecraft:piston":4,"minecraft:diamond_hoe":1,"minecraft:golden_helmet":1,"minecraft:stick":1,"minecraft:sandstone":2,"minecraft:music_disc_blocks":1,"minecraft:oak_door":2,"minecraft:jukebox":2,"minecraft:note_block":4,"minecraft:golden_axe":1,"minecraft:stone_button":2,"minecraft:redstone":64,"minecraft:golden_chestplate":1,"minecraft:stone_pressure_plate":4,"minecraft:chicken_spawn_egg":1,"minecraft:tnt":28,"minecraft:quartz_block":6,"minecraft:arrow":7,"minecraft:rotten_flesh":1,"minecraft:golden_hoe":1,"minecraft:hay_block":16,"minecraft:pink_tulip":27,"minecraft:green_wool":2,"minecraft:skeleton_skull":1,"minecraft:cobblestone":3,"minecraft:oxeye_daisy":7,"minecraft:sponge":1,"minecraft:leather_chestplate":1,"minecraft:repeater":16,"minecraft:iron_door":2,"minecraft:tripwire_hook":10,"minecraft:salmon":11,"minecraft:golden_leggings":1,"minecraft:end_portal_frame":12,"minecraft:potato":15,"minecraft:golden_boots":1,"lucky:lucky_block":3,"minecraft:leather_boots":1,"minecraft:stone_bricks":3,"minecraft:bow":4,"minecraft:iron_ingot":19,"minecraft:oak_fence_gate":2,"minecraft:rabbit":1,"minecraft:prismarine":27,"minecraft:daylight_detector":2,"minecraft:red_wool":1,"minecraft:dandelion":10,"minecraft:oak_pressure_plate":2,"minecraft:poisonous_potato":3,"minecraft:dropper":4,"minecraft:diamond_block":1,"minecraft:dragon_egg":3,"minecraft:leather_helmet":1,"minecraft:diamond_shovel":1,"minecraft:dispenser":9,"minecraft:diamond":38,"minecraft:slime_block":4,"minecraft:lever":5,"minecraft:chainmail_leggings":1,"minecraft:painting":6,"minecraft:golden_horse_armor":1,"minecraft:chainmail_helmet":1,"minecraft:oak_button":4,"minecraft:baked_potato":5,"minecraft:hopper":8,"minecraft:diamond_pickaxe":1},"minecraft:mined":{"minecraft:sandstone":2,"minecraft:fire":1,"lucky:lucky_block":81,"minecraft:stone":5,"minecraft:tall_grass":1,"minecraft:glass":2,"minecraft:slime_block":4,"minecraft:grass":1},"minecraft:killed_by":{"minecraft:player":1,"minecraft:creeper":1,"minecraft:spider":2,"minecraft:skeleton":2,"minecraft:zombie":2,"minecraft:wither":1},"minecraft:dropped":{"minecraft:enchanted_book":4,"minecraft:golden_boots":1,"minecraft:daylight_detector":2,"minecraft:golden_helmet":1,"minecraft:oak_pressure_plate":2,"minecraft:baked_potato":5,"minecraft:golden_horse_armor":1,"minecraft:poisonous_potato":3,"minecraft:cobblestone":3,"minecraft:red_wool":1,"minecraft:chicken_spawn_egg":1,"minecraft:chainmail_helmet":1,"minecraft:leather_helmet":1,"minecraft:stick":1,"minecraft:light_weighted_pressure_plate":2,"minecraft:oxeye_daisy":7,"minecraft:stone_button":2,"minecraft:sponge":1,"minecraft:dispenser":4,"minecraft:repeater":16,"minecraft:potion":1,"minecraft:wooden_sword":1,"minecraft:gold_nugget":4,"minecraft:golden_hoe":1,"minecraft:purple_wool":1,"minecraft:chainmail_leggings":1,"minecraft:tripwire_hook":10,"minecraft:dandelion":10,"minecraft:pink_tulip":27,"minecraft:green_wool":2,"minecraft:note_block":2,"minecraft:lever":3,"minecraft:nether_wart":1,"minecraft:jukebox":1,"minecraft:sticky_piston":8,"minecraft:yellow_wool":6,"minecraft:rotten_flesh":1,"minecraft:light_gray_wool":1,"minecraft:comparator":4,"minecraft:slime_block":4,"minecraft:prismarine":26,"minecraft:golden_shovel":1,"minecraft:azure_bluet":9,"minecraft:salmon":11,"minecraft:poppy":14,"minecraft:leather_chestplate":1,"minecraft:potato":15,"minecraft:oak_button":4,"minecraft:allium":9,"minecraft:heavy_weighted_pressure_plate":2,"minecraft:skeleton_skull":1,"minecraft:dropper":4,"minecraft:dragon_egg":2,"minecraft:quartz_block":6,"minecraft:leather_boots":1,"minecraft:golden_leggings":1,"minecraft:golden_sword":1,"minecraft:leather_leggings":1,"minecraft:redstone_torch":15,"minecraft:stone_pressure_plate":3,"minecraft:painting":6,"minecraft:blue_orchid":13,"minecraft:bow":2},"minecraft:used":{"minecraft:dispenser":3,"minecraft:cooked_salmon":1,"minecraft:dragon_egg":1,"minecraft:golden_chestplate":1,"lucky:lucky_block":3,"minecraft:jungle_log":2,"minecraft:stone_bricks":3,"minecraft:redstone_lamp":4,"minecraft:stone_pressure_plate":1,"minecraft:prismarine":1,"minecraft:sandstone":2,"minecraft:tnt":6,"minecraft:note_block":1,"minecraft:redstone_torch":1,"minecraft:sticky_piston":4,"minecraft:piston":4,"minecraft:lever":2,"minecraft:diamond_pickaxe":8,"minecraft:bread":1,"minecraft:music_disc_blocks":1,"minecraft:diamond_sword":60,"minecraft:golden_pickaxe":7,"minecraft:jukebox":1,"minecraft:splash_potion":1}},"DataVersion":3465}