{"stats":{"minecraft:custom":{"minecraft:jump":143,"minecraft:open_chest":2,"minecraft:time_since_rest":5618,"minecraft:walk_on_water_one_cm":6498,"minecraft:leave_game":1,"minecraft:play_time":5618,"minecraft:sprint_one_cm":14454,"minecraft:damage_taken":229,"minecraft:time_since_death":5618,"minecraft:walk_one_cm":12167,"minecraft:sneak_time":161,"minecraft:total_world_time":5618,"minecraft:walk_under_water_one_cm":7204,"minecraft:swim_one_cm":1769,"minecraft:fall_one_cm":4540,"minecraft:fly_one_cm":48425},"minecraft:used":{"minecraft:iron_chestplate":1,"minecraft:bread":2},"minecraft:picked_up":{"minecraft:iron_chestplate":1,"minecraft:iron_pickaxe":1}},"DataVersion":3953}