{"stats":{"minecraft:mined":{"minecraft:iron_ore":8,"minecraft:andesite":5,"minecraft:granite":11,"minecraft:short_grass":2,"minecraft:coal_ore":5,"minecraft:deepslate_iron_ore":1,"minecraft:gravel":4,"minecraft:lapis_ore":1,"minecraft:stone":49,"minecraft:wall_torch":1,"minecraft:deepslate":1},"minecraft:custom":{"minecraft:time_since_rest":119,"minecraft:interact_with_furnace":3,"minecraft:sprint_one_cm":33526,"minecraft:damage_taken":1289,"minecraft:walk_one_cm":27877,"minecraft:drop":3,"minecraft:damage_dealt":248,"minecraft:player_kills":1,"minecraft:swim_one_cm":1769,"minecraft:interact_with_crafting_table":1,"minecraft:fly_one_cm":451856,"minecraft:open_chest":4,"minecraft:crouch_one_cm":862,"minecraft:play_time":29601,"minecraft:deaths":3,"minecraft:sneak_time":2029,"minecraft:walk_under_water_one_cm":19201,"minecraft:jump":330,"minecraft:leave_game":1,"minecraft:walk_on_water_one_cm":13681,"minecraft:time_since_death":1149,"minecraft:sleep_in_bed":1,"minecraft:total_world_time":29601,"minecraft:fall_one_cm":11303},"minecraft:used":{"minecraft:bread":2,"minecraft:iron_pickaxe":95,"minecraft:leather_helmet":1,"minecraft:leather_chestplate":2,"minecraft:leather_boots":1,"minecraft:iron_chestplate":3,"minecraft:cobblestone":1},"minecraft:dropped":{"minecraft:iron_ingot":2,"minecraft:leather_chestplate":1},"minecraft:picked_up":{"minecraft:iron_chestplate":1,"minecraft:raw_iron":9,"minecraft:andesite":5,"minecraft:gravel":4,"minecraft:gunpowder":2,"minecraft:lapis_lazuli":6,"minecraft:dirt":16,"minecraft:arrow":1,"minecraft:cobbled_deepslate":1,"minecraft:granite":11,"minecraft:iron_pickaxe":1,"minecraft:coal":5,"minecraft:cobblestone":49},"minecraft:crafted":{"minecraft:iron_ingot":2,"minecraft:air":0},"minecraft:killed_by":{"minecraft:player":1,"minecraft:creeper":1}},"DataVersion":3953}