{"stats":{"minecraft:custom":{"minecraft:time_since_rest":14125,"minecraft:open_chest":5,"minecraft:crouch_one_cm":339,"minecraft:sprint_one_cm":9037,"minecraft:play_time":30816,"minecraft:deaths":5,"minecraft:damage_taken":2905,"minecraft:walk_one_cm":39898,"minecraft:sneak_time":465,"minecraft:interact_with_anvil":1,"minecraft:drop":5,"minecraft:aviate_one_cm":618460,"minecraft:jump":104,"minecraft:leave_game":3,"minecraft:walk_on_water_one_cm":249,"minecraft:time_since_death":14091,"minecraft:climb_one_cm":2500,"minecraft:interact_with_smoker":1,"minecraft:total_world_time":30816,"minecraft:damage_resisted":22016,"minecraft:fall_one_cm":28315,"minecraft:fly_one_cm":138570,"minecraft:inspect_dispenser":1},"minecraft:picked_up":{"minecraft:grass_block":1,"minecraft:quartz_stairs":3},"minecraft:used":{"minecraft:stone_bricks":3,"minecraft:firework_rocket":31,"minecraft:grass_block":13,"minecraft:quartz_stairs":21},"minecraft:dropped":{"minecraft:quartz_stairs":4,"minecraft:grass_block":1}},"DataVersion":3465}