{"stats":{"minecraft:mined":{"minecraft:tuff":1,"minecraft:glass_pane":1,"minecraft:deepslate_diamond_ore":16,"minecraft:crafting_table":1,"minecraft:granite":11,"minecraft:short_grass":2,"minecraft:lapis_ore":1,"minecraft:wall_torch":1,"minecraft:furnace":1,"minecraft:iron_ore":29,"minecraft:andesite":5,"minecraft:coal_ore":5,"minecraft:oak_log":5,"minecraft:deepslate_iron_ore":7,"minecraft:gravel":4,"minecraft:dirt":3,"minecraft:stone":56,"minecraft:oak_leaves":1,"minecraft:deepslate":13},"minecraft:custom":{"minecraft:interact_with_furnace":9,"minecraft:mob_kills":4,"minecraft:interact_with_crafting_table":6,"minecraft:leave_game":2,"minecraft:time_since_death":32995,"minecraft:sleep_in_bed":1,"minecraft:time_since_rest":33001,"minecraft:sprint_one_cm":85416,"minecraft:damage_taken":2652,"minecraft:walk_one_cm":80250,"minecraft:damage_blocked_by_shield":1552,"minecraft:drop":5,"minecraft:damage_dealt":1355,"minecraft:swim_one_cm":5890,"minecraft:fly_one_cm":527717,"minecraft:player_kills":1,"minecraft:open_chest":4,"minecraft:crouch_one_cm":6526,"minecraft:play_time":77484,"minecraft:deaths":6,"minecraft:sneak_time":4126,"minecraft:walk_under_water_one_cm":23468,"minecraft:jump":844,"minecraft:walk_on_water_one_cm":17816,"minecraft:total_world_time":77484,"minecraft:fall_one_cm":37957},"minecraft:used":{"minecraft:shield":39,"minecraft:leather_chestplate":2,"minecraft:iron_sword":18,"minecraft:leather_boots":1,"minecraft:iron_chestplate":3,"minecraft:dirt":3,"minecraft:crafting_table":1,"minecraft:granite":6,"minecraft:iron_axe":1,"minecraft:bread":8,"minecraft:iron_pickaxe":163,"minecraft:leather_helmet":1,"minecraft:cobblestone":48,"minecraft:furnace":1,"minecraft:andesite":5},"minecraft:dropped":{"minecraft:iron_ingot":2,"minecraft:leather_chestplate":2,"minecraft:wooden_pickaxe":1},"minecraft:picked_up":{"minecraft:iron_chestplate":1,"minecraft:crafting_table":1,"minecraft:leather_chestplate":1,"minecraft:andesite":5,"minecraft:wooden_pickaxe":2,"minecraft:tuff":1,"minecraft:oak_log":5,"minecraft:gunpowder":2,"minecraft:lapis_lazuli":6,"minecraft:string":2,"minecraft:dirt":19,"minecraft:bone":1,"minecraft:cobbled_deepslate":14,"minecraft:iron_ingot":1,"minecraft:iron_pickaxe":1,"minecraft:furnace":1,"minecraft:raw_iron":37,"minecraft:stick":2,"minecraft:gravel":4,"minecraft:redstone":5,"minecraft:arrow":4,"minecraft:diamond":16,"minecraft:granite":11,"minecraft:coal":9,"minecraft:cobblestone":56},"minecraft:crafted":{"minecraft:oak_planks":20,"minecraft:crafting_table":1,"minecraft:iron_sword":1,"minecraft:furnace":1,"minecraft:air":0,"minecraft:shield":1,"minecraft:iron_axe":1,"minecraft:stick":4,"minecraft:iron_ingot":8},"minecraft:killed":{"minecraft:witch":1,"minecraft:spider":1,"minecraft:skeleton":2},"minecraft:killed_by":{"minecraft:player":1,"minecraft:skeleton":2,"minecraft:creeper":1}},"DataVersion":3953}