{"stats":{"minecraft:mined":{"minecraft:tuff":1,"minecraft:deepslate_diamond_ore":16,"minecraft:granite":11,"minecraft:decorated_pot":15,"minecraft:chiseled_tuff_bricks":1,"minecraft:red_mushroom":1,"minecraft:tuff_bricks":9,"minecraft:furnace":1,"minecraft:waxed_copper_grate":2,"minecraft:iron_ore":29,"minecraft:fire":1,"minecraft:andesite":5,"minecraft:deepslate_iron_ore":7,"minecraft:stone":75,"minecraft:glass_pane":1,"minecraft:crafting_table":1,"minecraft:short_grass":2,"minecraft:calcite":2,"minecraft:lapis_ore":1,"minecraft:wall_torch":1,"minecraft:amethyst_block":5,"minecraft:seagrass":2,"minecraft:oak_log":5,"minecraft:coal_ore":5,"minecraft:gravel":4,"minecraft:dirt":3,"minecraft:cobweb":1,"minecraft:smooth_basalt":1,"minecraft:oak_leaves":1,"minecraft:deepslate":13},"minecraft:broken":{"minecraft:iron_boots":1,"minecraft:shield":1,"minecraft:iron_helmet":1,"minecraft:bow":1},"minecraft:custom":{"minecraft:mob_kills":68,"minecraft:interact_with_crafting_table":12,"minecraft:open_barrel":6,"minecraft:leave_game":3,"minecraft:time_since_death":6045,"minecraft:climb_one_cm":2467,"minecraft:sprint_one_cm":154388,"minecraft:walk_one_cm":210783,"minecraft:damage_blocked_by_shield":4227,"minecraft:drop":34,"minecraft:play_time":117628,"minecraft:deaths":16,"minecraft:sneak_time":4470,"minecraft:walk_under_water_one_cm":27878,"minecraft:jump":1438,"minecraft:walk_on_water_one_cm":20869,"minecraft:enchant_item":4,"minecraft:total_world_time":117628,"minecraft:interact_with_furnace":13,"minecraft:sleep_in_bed":1,"minecraft:time_since_rest":6052,"minecraft:damage_taken":5787,"minecraft:damage_dealt":7633,"minecraft:fly_one_cm":636156,"minecraft:swim_one_cm":27708,"minecraft:player_kills":1,"minecraft:open_chest":13,"minecraft:crouch_one_cm":7577,"minecraft:fall_one_cm":63088},"minecraft:used":{"minecraft:tuff_bricks":5,"minecraft:shield":103,"minecraft:iron_sword":148,"minecraft:trial_key":4,"minecraft:iron_chestplate":3,"minecraft:dirt":3,"minecraft:diamond_helmet":1,"minecraft:granite":7,"minecraft:iron_axe":6,"minecraft:golden_carrot":2,"minecraft:bow":12,"minecraft:furnace":2,"minecraft:diamond_boots":1,"minecraft:baked_potato":4,"minecraft:leather_chestplate":2,"minecraft:leather_boots":1,"minecraft:crafting_table":2,"minecraft:wind_charge":3,"minecraft:bread":11,"minecraft:iron_pickaxe":205,"minecraft:leather_helmet":1,"minecraft:gravel":3,"minecraft:cobblestone":53,"minecraft:andesite":5},"minecraft:dropped":{"minecraft:iron_ingot":2,"minecraft:decorated_pot":3,"minecraft:waxed_copper_grate":2,"minecraft:granite":4,"minecraft:leather_helmet":1,"minecraft:music_disc_creator_music_box":2,"minecraft:red_mushroom":1,"minecraft:stick":9,"minecraft:dirt":16,"minecraft:scrape_pottery_sherd":1,"minecraft:smooth_basalt":3,"minecraft:chiseled_tuff_bricks":1,"minecraft:cobbled_deepslate":14,"minecraft:tuff":1,"minecraft:leather_chestplate":2,"minecraft:gunpowder":2,"minecraft:trial_key":2,"minecraft:iron_chestplate":2,"minecraft:leather_boots":1,"minecraft:spider_eye":4,"minecraft:slime_ball":3,"minecraft:wooden_pickaxe":1,"minecraft:brick":20},"minecraft:picked_up":{"minecraft:crafting_table":1,"minecraft:iron_chestplate":2,"minecraft:waxed_oxidized_cut_copper":1,"minecraft:ominous_bottle":1,"minecraft:wooden_pickaxe":2,"minecraft:enchanted_book":1,"minecraft:brick":20,"minecraft:wind_charge":11,"minecraft:amethyst_block":2,"minecraft:string":16,"minecraft:iron_axe":1,"minecraft:iron_leggings":1,"minecraft:cobbled_deepslate":14,"minecraft:trial_key":6,"minecraft:iron_pickaxe":1,"minecraft:iron_boots":1,"minecraft:furnace":1,"minecraft:tipped_arrow":22,"minecraft:stick":4,"minecraft:raw_iron":37,"minecraft:waxed_copper_grate":2,"minecraft:redstone":5,"minecraft:music_disc_creator_music_box":2,"minecraft:arrow":49,"minecraft:rotten_flesh":2,"minecraft:decorated_pot":4,"minecraft:tuff_bricks":10,"minecraft:cobblestone":75,"minecraft:leather_chestplate":1,"minecraft:golden_carrot":2,"minecraft:andesite":5,"minecraft:red_mushroom":1,"minecraft:tuff":1,"minecraft:oak_log":5,"minecraft:gunpowder":4,"minecraft:lapis_lazuli":6,"minecraft:dirt":19,"minecraft:bone":50,"minecraft:bow":6,"minecraft:iron_ingot":2,"minecraft:bolt_armor_trim_smithing_template":1,"minecraft:iron_sword":1,"minecraft:oak_planks":20,"minecraft:scrape_pottery_sherd":1,"minecraft:smooth_basalt":3,"minecraft:emerald_block":1,"minecraft:gravel":4,"minecraft:spider_eye":8,"minecraft:leather_helmet":1,"minecraft:slime_ball":4,"minecraft:diamond":17,"minecraft:iron_helmet":1,"minecraft:granite":11,"minecraft:breeze_rod":3,"minecraft:emerald":10,"minecraft:baked_potato":4,"minecraft:coal":9,"minecraft:chiseled_tuff_bricks":1},"minecraft:crafted":{"minecraft:oak_planks":20,"minecraft:furnace":1,"minecraft:diamond_helmet":1,"minecraft:bow":2,"minecraft:iron_axe":1,"minecraft:diamond_boots":1,"minecraft:crafting_table":1,"minecraft:baked_potato":4,"minecraft:iron_sword":1,"minecraft:air":0,"minecraft:shield":2,"minecraft:stick":8,"minecraft:iron_ingot":8,"minecraft:diamond_chestplate":1},"minecraft:killed":{"minecraft:bogged":27,"minecraft:witch":1,"minecraft:spider":10,"minecraft:slime":19,"minecraft:skeleton":3,"minecraft:breeze":3},"minecraft:killed_by":{"minecraft:player":1,"minecraft:creeper":1,"minecraft:spider":2,"minecraft:bogged":7,"minecraft:skeleton":2}},"DataVersion":3953}