{"stats":{"minecraft:mined":{"minecraft:crafting_table":1,"minecraft:short_grass":5,"minecraft:grass_block":5,"minecraft:cobblestone":4,"minecraft:carrots":4,"minecraft:iron_ore":13,"minecraft:wheat":10,"minecraft:yellow_bed":3,"minecraft:oak_log":6,"minecraft:coal_ore":40,"minecraft:beetroots":1,"minecraft:dirt_path":1,"minecraft:dirt":6,"minecraft:stone":22,"minecraft:oak_leaves":1},"minecraft:custom":{"minecraft:interact_with_furnace":10,"minecraft:mob_kills":1,"minecraft:interact_with_crafting_table":13,"minecraft:bell_ring":2,"minecraft:time_since_death":11422,"minecraft:time_since_rest":11449,"minecraft:sprint_one_cm":53605,"minecraft:walk_one_cm":22545,"minecraft:damage_taken":1369,"minecraft:drop":21,"minecraft:damage_dealt":238,"minecraft:fly_one_cm":66571,"minecraft:player_kills":1,"minecraft:open_chest":2,"minecraft:crouch_one_cm":25,"minecraft:sneak_time":19,"minecraft:play_time":15303,"minecraft:deaths":4,"minecraft:jump":362,"minecraft:walk_on_water_one_cm":264,"minecraft:total_world_time":15303,"minecraft:fall_one_cm":12128},"minecraft:used":{"minecraft:stone_sword":5,"minecraft:stone_pickaxe":43,"minecraft:poppy":1,"minecraft:wooden_pickaxe":46,"minecraft:dirt":10,"minecraft:mutton":4,"minecraft:crafting_table":2,"minecraft:stone_axe":1,"minecraft:cobblestone":4,"minecraft:furnace":1,"minecraft:yellow_bed":2,"minecraft:egg":2},"minecraft:dropped":{"minecraft:oak_slab":1,"minecraft:wheat_seeds":4,"minecraft:glow_ink_sac":16,"minecraft:rotten_flesh":7,"minecraft:leather":2,"minecraft:rail":8,"minecraft:pumpkin_seeds":3,"minecraft:cod":2,"minecraft:rabbit_hide":1,"minecraft:dirt":1,"minecraft:potato":1,"minecraft:beetroot_seeds":12,"minecraft:rabbit":3,"minecraft:armadillo_scute":1,"minecraft:egg":1},"minecraft:picked_up":{"minecraft:crafting_table":1,"minecraft:feather":6,"minecraft:chicken":6,"minecraft:glow_ink_sac":16,"minecraft:chest_minecart":1,"minecraft:leather":2,"minecraft:potato":1,"minecraft:oak_log":6,"minecraft:yellow_bed":3,"minecraft:dirt":18,"minecraft:name_tag":1,"minecraft:bone":10,"minecraft:beetroot":1,"minecraft:wheat_seeds":7,"minecraft:rabbit_hide":1,"minecraft:beef":4,"minecraft:poppy":1,"minecraft:rabbit":3,"minecraft:oak_planks":9,"minecraft:egg":3,"minecraft:oak_slab":1,"minecraft:raw_iron":19,"minecraft:torch":1,"minecraft:porkchop":4,"minecraft:ink_sac":14,"minecraft:carrot":4,"minecraft:pumpkin_seeds":3,"minecraft:arrow":3,"minecraft:rotten_flesh":7,"minecraft:slime_ball":1,"minecraft:tropical_fish":11,"minecraft:beetroot_seeds":12,"minecraft:armadillo_scute":1,"minecraft:oak_sapling":1,"minecraft:black_wool":1,"minecraft:mutton":6,"minecraft:cod":2,"minecraft:coal":40,"minecraft:rail":8,"minecraft:white_wool":3,"minecraft:cobblestone":25,"minecraft:oxeye_daisy":1},"minecraft:crafted":{"minecraft:oak_planks":24,"minecraft:stone_shovel":1,"minecraft:crafting_table":1,"minecraft:wooden_pickaxe":1,"minecraft:iron_sword":1,"minecraft:furnace":1,"minecraft:bucket":1,"minecraft:stone_axe":1,"minecraft:shield":1,"minecraft:stick":20,"minecraft:iron_ingot":9,"minecraft:stone_pickaxe":1,"minecraft:stone_sword":1},"minecraft:killed":{"minecraft:zombie":1},"minecraft:killed_by":{"minecraft:creeper":3}},"DataVersion":3953}