{"stats":{"minecraft:mined":{"minecraft:deepslate_diamond_ore":24,"minecraft:granite":1,"minecraft:grass_block":5,"minecraft:furnace":1,"minecraft:carrots":4,"minecraft:iron_ore":33,"minecraft:deepslate_lapis_ore":1,"minecraft:dirt_path":1,"minecraft:deepslate_iron_ore":12,"minecraft:stone":42,"minecraft:crafting_table":5,"minecraft:torch":1,"minecraft:short_grass":8,"minecraft:cobblestone":5,"minecraft:deepslate_gold_ore":7,"minecraft:wheat":10,"minecraft:yellow_bed":3,"minecraft:coal_ore":48,"minecraft:oak_log":6,"minecraft:beetroots":1,"minecraft:gravel":9,"minecraft:dirt":6,"minecraft:oak_leaves":1,"minecraft:deepslate":15},"minecraft:custom":{"minecraft:mob_kills":16,"minecraft:interact_with_crafting_table":25,"minecraft:bell_ring":2,"minecraft:time_since_death":4235,"minecraft:sprint_one_cm":226233,"minecraft:walk_one_cm":82764,"minecraft:damage_blocked_by_shield":345,"minecraft:drop":41,"minecraft:play_time":51303,"minecraft:deaths":14,"minecraft:sneak_time":318,"minecraft:walk_under_water_one_cm":6869,"minecraft:jump":1470,"minecraft:walk_on_water_one_cm":9140,"minecraft:total_world_time":51303,"minecraft:interact_with_furnace":37,"minecraft:time_since_rest":4242,"minecraft:damage_taken":4558,"minecraft:damage_dealt":2503,"minecraft:player_kills":1,"minecraft:swim_one_cm":1247,"minecraft:fly_one_cm":249978,"minecraft:open_chest":2,"minecraft:crouch_one_cm":1257,"minecraft:fall_one_cm":50493},"minecraft:used":{"minecraft:stone_sword":5,"minecraft:stone_shovel":9,"minecraft:poppy":1,"minecraft:shield":9,"minecraft:iron_sword":42,"minecraft:iron_chestplate":1,"minecraft:torch":34,"minecraft:dirt":10,"minecraft:mutton":4,"minecraft:iron_helmet":1,"minecraft:iron_boots":1,"minecraft:beef":4,"minecraft:furnace":1,"minecraft:egg":2,"minecraft:cobbled_deepslate":15,"minecraft:cooked_mutton":1,"minecraft:water_bucket":31,"minecraft:diamond_boots":1,"minecraft:stone_pickaxe":95,"minecraft:wooden_pickaxe":46,"minecraft:crafting_table":6,"minecraft:iron_pickaxe":58,"minecraft:gravel":7,"minecraft:stone_axe":5,"minecraft:diamond_sword":12,"minecraft:cobblestone":29,"minecraft:cooked_porkchop":4,"minecraft:bucket":32,"minecraft:yellow_bed":2,"minecraft:diamond_leggings":1},"minecraft:dropped":{"minecraft:water_bucket":1,"minecraft:oak_slab":1,"minecraft:wheat_seeds":8,"minecraft:glow_ink_sac":16,"minecraft:diamond":9,"minecraft:crafting_table":1,"minecraft:feather":6,"minecraft:leather":2,"minecraft:granite":1,"minecraft:rail":8,"minecraft:cod":2,"minecraft:dirt":1,"minecraft:ink_sac":14,"minecraft:rabbit":3,"minecraft:armadillo_scute":1,"minecraft:dandelion":4,"minecraft:raw_iron":20,"minecraft:beetroot":1,"minecraft:rotten_flesh":16,"minecraft:pumpkin_seeds":3,"minecraft:rabbit_hide":1,"minecraft:potato":1,"minecraft:beetroot_seeds":12,"minecraft:slime_ball":1,"minecraft:stone_pickaxe":1,"minecraft:black_wool":1,"minecraft:egg":1},"minecraft:picked_up":{"minecraft:crafting_table":7,"minecraft:chicken":6,"minecraft:chest_minecart":1,"minecraft:beetroot":1,"minecraft:cobbled_deepslate":15,"minecraft:beef":9,"minecraft:poppy":1,"minecraft:egg":3,"minecraft:furnace":1,"minecraft:raw_iron":67,"minecraft:stick":3,"minecraft:torch":2,"minecraft:porkchop":4,"minecraft:carrot":4,"minecraft:arrow":5,"minecraft:rotten_flesh":16,"minecraft:tropical_fish":11,"minecraft:beetroot_seeds":12,"minecraft:armadillo_scute":1,"minecraft:mutton":9,"minecraft:cod":2,"minecraft:white_wool":4,"minecraft:rail":8,"minecraft:cobblestone":46,"minecraft:oxeye_daisy":1,"minecraft:feather":6,"minecraft:glow_ink_sac":16,"minecraft:water_bucket":1,"minecraft:leather":3,"minecraft:potato":1,"minecraft:flint":1,"minecraft:oak_log":6,"minecraft:yellow_bed":3,"minecraft:lapis_lazuli":9,"minecraft:dirt":38,"minecraft:name_tag":1,"minecraft:bone":12,"minecraft:wheat_seeds":8,"minecraft:raw_gold":7,"minecraft:rabbit_hide":1,"minecraft:stone_pickaxe":1,"minecraft:rabbit":3,"minecraft:oak_planks":9,"minecraft:oak_slab":1,"minecraft:dandelion":4,"minecraft:gravel":7,"minecraft:ink_sac":14,"minecraft:pumpkin_seeds":3,"minecraft:slime_ball":1,"minecraft:diamond":33,"minecraft:granite":1,"minecraft:coal":86,"minecraft:oak_sapling":1,"minecraft:black_wool":1},"minecraft:crafted":{"minecraft:oak_planks":24,"minecraft:stone_shovel":1,"minecraft:furnace":1,"minecraft:cooked_mutton":1,"minecraft:diamond_leggings":1,"minecraft:iron_boots":1,"minecraft:stone_pickaxe":1,"minecraft:diamond_boots":1,"minecraft:diamond_sword":1,"minecraft:cooked_porkchop":4,"minecraft:crafting_table":1,"minecraft:wooden_pickaxe":1,"minecraft:iron_helmet":1,"minecraft:iron_sword":1,"minecraft:bucket":1,"minecraft:stone_axe":1,"minecraft:iron_chestplate":1,"minecraft:diamond_pickaxe":1,"minecraft:shield":1,"minecraft:stick":20,"minecraft:iron_ingot":27,"minecraft:iron_pickaxe":1,"minecraft:stone_sword":1,"minecraft:torch":32},"minecraft:killed":{"minecraft:skeleton":2,"minecraft:creeper":1,"minecraft:sheep":1,"minecraft:zombie":9,"minecraft:cow":3},"minecraft:killed_by":{"minecraft:creeper":4,"minecraft:skeleton":3,"minecraft:witch":2,"minecraft:zombie":3}},"DataVersion":3953}