{"stats":{"minecraft:mined":{"minecraft:carrots":4,"minecraft:wheat":10,"minecraft:yellow_bed":1,"minecraft:short_grass":3,"minecraft:dirt_path":1,"minecraft:beetroots":1,"minecraft:dirt":1},"minecraft:custom":{"minecraft:time_since_rest":1953,"minecraft:sprint_one_cm":21035,"minecraft:damage_taken":954,"minecraft:walk_one_cm":4921,"minecraft:drop":17,"minecraft:damage_dealt":38,"minecraft:fly_one_cm":35899,"minecraft:player_kills":1,"minecraft:open_chest":2,"minecraft:bell_ring":2,"minecraft:deaths":3,"minecraft:play_time":3303,"minecraft:jump":146,"minecraft:walk_on_water_one_cm":264,"minecraft:time_since_death":1925,"minecraft:total_world_time":3303,"minecraft:fall_one_cm":3071},"minecraft:used":{"minecraft:poppy":1,"minecraft:dirt":7,"minecraft:egg":1},"minecraft:dropped":{"minecraft:rabbit_hide":1,"minecraft:dirt":1,"minecraft:oak_slab":1,"minecraft:wheat_seeds":4,"minecraft:glow_ink_sac":13,"minecraft:beetroot_seeds":6,"minecraft:rabbit":3,"minecraft:rotten_flesh":5,"minecraft:armadillo_scute":1,"minecraft:leather":2,"minecraft:pumpkin_seeds":3,"minecraft:rail":8,"minecraft:cod":2,"minecraft:egg":1},"minecraft:picked_up":{"minecraft:oak_slab":1,"minecraft:feather":6,"minecraft:chicken":6,"minecraft:glow_ink_sac":16,"minecraft:chest_minecart":1,"minecraft:leather":2,"minecraft:torch":1,"minecraft:potato":1,"minecraft:porkchop":4,"minecraft:ink_sac":14,"minecraft:yellow_bed":1,"minecraft:carrot":4,"minecraft:dirt":8,"minecraft:name_tag":1,"minecraft:arrow":3,"minecraft:pumpkin_seeds":3,"minecraft:bone":10,"minecraft:rotten_flesh":5,"minecraft:slime_ball":1,"minecraft:beetroot":1,"minecraft:tropical_fish":11,"minecraft:beetroot_seeds":12,"minecraft:wheat_seeds":7,"minecraft:rabbit_hide":1,"minecraft:beef":4,"minecraft:armadillo_scute":1,"minecraft:poppy":1,"minecraft:rabbit":3,"minecraft:black_wool":1,"minecraft:oxeye_daisy":1,"minecraft:mutton":6,"minecraft:cod":2,"minecraft:white_wool":3,"minecraft:rail":8,"minecraft:egg":2},"minecraft:killed_by":{"minecraft:creeper":3}},"DataVersion":3953}