{"stats":{"minecraft:mined":{"minecraft:deepslate_diamond_ore":33,"minecraft:obsidian":3,"minecraft:granite":1,"minecraft:grass_block":5,"minecraft:chiseled_tuff_bricks":3,"minecraft:tuff_bricks":18,"minecraft:furnace":2,"minecraft:carrots":20,"minecraft:iron_ore":33,"minecraft:deepslate_lapis_ore":1,"minecraft:potatoes":1,"minecraft:dirt_path":1,"minecraft:deepslate_iron_ore":14,"minecraft:stone":42,"minecraft:deepslate_redstone_ore":1,"minecraft:crafting_table":9,"minecraft:torch":1,"minecraft:short_grass":10,"minecraft:cobblestone":5,"minecraft:deepslate_gold_ore":7,"minecraft:waxed_oxidized_cut_copper_stairs":1,"minecraft:wheat":13,"minecraft:waxed_copper_block":3,"minecraft:yellow_bed":3,"minecraft:coal_ore":48,"minecraft:oak_log":22,"minecraft:beetroots":2,"minecraft:waxed_oxidized_copper":1,"minecraft:sand":1,"minecraft:gravel":9,"minecraft:dirt":6,"minecraft:cobweb":1,"minecraft:oak_leaves":2,"minecraft:deepslate":77},"minecraft:custom":{"minecraft:mob_kills":55,"minecraft:interact_with_crafting_table":51,"minecraft:open_barrel":1,"minecraft:bell_ring":2,"minecraft:leave_game":1,"minecraft:time_since_death":3215,"minecraft:climb_one_cm":6324,"minecraft:sprint_one_cm":423413,"minecraft:walk_one_cm":178754,"minecraft:damage_blocked_by_shield":997,"minecraft:drop":57,"minecraft:talked_to_villager":1,"minecraft:play_time":103945,"minecraft:deaths":24,"minecraft:sneak_time":640,"minecraft:walk_under_water_one_cm":14215,"minecraft:jump":2417,"minecraft:walk_on_water_one_cm":23300,"minecraft:enchant_item":4,"minecraft:total_world_time":103945,"minecraft:interact_with_furnace":62,"minecraft:time_since_rest":3221,"minecraft:damage_taken":7443,"minecraft:damage_dealt":6161,"minecraft:player_kills":1,"minecraft:swim_one_cm":9677,"minecraft:fly_one_cm":460302,"minecraft:open_chest":39,"minecraft:crouch_one_cm":1408,"minecraft:fall_one_cm":88581,"minecraft:horse_one_cm":13746},"minecraft:used":{"minecraft:beetroot":1,"minecraft:stone_sword":5,"minecraft:flint_and_steel":1,"minecraft:tropical_fish":11,"minecraft:stone_shovel":9,"minecraft:poppy":1,"minecraft:chest":1,"minecraft:shield":19,"minecraft:iron_sword":67,"minecraft:iron_chestplate":1,"minecraft:torch":57,"minecraft:dirt":37,"minecraft:mutton":7,"minecraft:carrot":19,"minecraft:diamond_helmet":1,"minecraft:iron_axe":1,"minecraft:iron_helmet":1,"minecraft:iron_boots":1,"minecraft:diamond_chestplate":1,"minecraft:beef":9,"minecraft:furnace":3,"minecraft:egg":2,"minecraft:potato":8,"minecraft:cobbled_deepslate":18,"minecraft:cooked_mutton":1,"minecraft:water_bucket":55,"minecraft:diamond_boots":2,"minecraft:stone_pickaxe":95,"minecraft:oak_planks":2,"minecraft:wooden_pickaxe":46,"minecraft:sand":1,"minecraft:crafting_table":10,"minecraft:diamond_pickaxe":92,"minecraft:iron_pickaxe":74,"minecraft:gravel":7,"minecraft:stone_axe":27,"minecraft:diamond_sword":91,"minecraft:cobblestone":29,"minecraft:cooked_porkchop":4,"minecraft:bucket":56,"minecraft:yellow_bed":2,"minecraft:diamond_leggings":1},"minecraft:dropped":{"minecraft:water_bucket":1,"minecraft:iron_sword":1,"minecraft:oak_slab":1,"minecraft:wheat_seeds":13,"minecraft:lapis_lazuli":9,"minecraft:glow_ink_sac":16,"minecraft:diamond":9,"minecraft:crafting_table":2,"minecraft:feather":6,"minecraft:book":2,"minecraft:leather":2,"minecraft:granite":1,"minecraft:rail":8,"minecraft:red_mushroom":2,"minecraft:cod":2,"minecraft:dirt":1,"minecraft:ink_sac":14,"minecraft:rabbit":3,"minecraft:armadillo_scute":1,"minecraft:dandelion":4,"minecraft:cobbled_deepslate":4,"minecraft:obsidian":2,"minecraft:raw_iron":20,"minecraft:beetroot":1,"minecraft:rotten_flesh":17,"minecraft:pumpkin_seeds":3,"minecraft:filled_map":1,"minecraft:rabbit_hide":1,"minecraft:potato":1,"minecraft:beetroot_seeds":14,"minecraft:yellow_bed":1,"minecraft:slime_ball":1,"minecraft:stone_pickaxe":1,"minecraft:black_wool":1,"minecraft:egg":1},"minecraft:picked_up":{"minecraft:crafting_table":11,"minecraft:chicken":6,"minecraft:chest_minecart":1,"minecraft:diamond_sword":1,"minecraft:potion":1,"minecraft:brick":1,"minecraft:string":6,"minecraft:beetroot":2,"minecraft:cobbled_deepslate":22,"minecraft:beef":9,"minecraft:poppy":1,"minecraft:egg":3,"minecraft:furnace":2,"minecraft:tipped_arrow":5,"minecraft:raw_iron":87,"minecraft:stick":11,"minecraft:torch":3,"minecraft:porkchop":4,"minecraft:carrot":59,"minecraft:music_disc_creator_music_box":1,"minecraft:stone_shovel":1,"minecraft:arrow":7,"minecraft:rotten_flesh":17,"minecraft:decorated_pot":1,"minecraft:tropical_fish":11,"minecraft:beetroot_seeds":14,"minecraft:armadillo_scute":1,"minecraft:obsidian":3,"minecraft:mutton":10,"minecraft:cod":2,"minecraft:white_wool":5,"minecraft:rail":8,"minecraft:cobblestone":46,"minecraft:oxeye_daisy":1,"minecraft:feather":6,"minecraft:golden_carrot":3,"minecraft:glow_ink_sac":16,"minecraft:water_bucket":1,"minecraft:leather":3,"minecraft:red_mushroom":2,"minecraft:potato":2,"minecraft:flint":1,"minecraft:oak_log":22,"minecraft:yellow_bed":4,"minecraft:lapis_lazuli":19,"minecraft:dirt":38,"minecraft:name_tag":1,"minecraft:bone":13,"minecraft:bow":1,"minecraft:wheat_seeds":13,"minecraft:raw_gold":7,"minecraft:rabbit_hide":1,"minecraft:iron_ingot":2,"minecraft:stone_pickaxe":1,"minecraft:rabbit":3,"minecraft:iron_sword":1,"minecraft:oak_planks":55,"minecraft:oak_slab":1,"minecraft:dandelion":4,"minecraft:gravel":7,"minecraft:sand":1,"minecraft:ink_sac":14,"minecraft:spider_eye":1,"minecraft:pumpkin_seeds":3,"minecraft:slime_ball":19,"minecraft:diamond":42,"minecraft:breeze_rod":3,"minecraft:granite":1,"minecraft:coal":86,"minecraft:oak_sapling":1,"minecraft:black_wool":1,"minecraft:chiseled_tuff_bricks":3},"minecraft:crafted":{"minecraft:oak_planks":88,"minecraft:stone_shovel":1,"minecraft:furnace":1,"minecraft:diamond_shovel":1,"minecraft:cooked_mutton":1,"minecraft:flint_and_steel":1,"minecraft:diamond_helmet":1,"minecraft:diamond_leggings":1,"minecraft:iron_boots":1,"minecraft:iron_axe":1,"minecraft:stone_pickaxe":1,"minecraft:chest":1,"minecraft:diamond_boots":1,"minecraft:diamond_sword":1,"minecraft:cooked_porkchop":4,"minecraft:diamond_axe":1,"minecraft:crafting_table":2,"minecraft:wooden_pickaxe":1,"minecraft:iron_helmet":1,"minecraft:iron_sword":1,"minecraft:bucket":1,"minecraft:stone_axe":1,"minecraft:iron_chestplate":1,"minecraft:diamond_pickaxe":1,"minecraft:shield":1,"minecraft:stick":52,"minecraft:iron_ingot":46,"minecraft:iron_pickaxe":1,"minecraft:stone_sword":1,"minecraft:iron_shovel":1,"minecraft:torch":128},"minecraft:killed_by":{"minecraft:creeper":5,"minecraft:skeleton":5,"minecraft:witch":2,"minecraft:zombie":4},"minecraft:killed":{"minecraft:bogged":5,"minecraft:witch":1,"minecraft:spider":2,"minecraft:slime":20,"minecraft:skeleton":2,"minecraft:chicken":1,"minecraft:creeper":1,"minecraft:sheep":3,"minecraft:zombie":13,"minecraft:breeze":2,"minecraft:cow":4}},"DataVersion":3953}