{"stats":{"minecraft:mined":{"minecraft:deepslate_diamond_ore":24,"minecraft:obsidian":3,"minecraft:granite":1,"minecraft:grass_block":5,"minecraft:furnace":2,"minecraft:carrots":9,"minecraft:iron_ore":33,"minecraft:deepslate_lapis_ore":1,"minecraft:potatoes":1,"minecraft:dirt_path":1,"minecraft:deepslate_iron_ore":14,"minecraft:stone":42,"minecraft:deepslate_redstone_ore":1,"minecraft:crafting_table":9,"minecraft:torch":1,"minecraft:short_grass":10,"minecraft:cobblestone":5,"minecraft:deepslate_gold_ore":7,"minecraft:wheat":12,"minecraft:yellow_bed":3,"minecraft:coal_ore":48,"minecraft:oak_log":22,"minecraft:beetroots":2,"minecraft:sand":1,"minecraft:gravel":9,"minecraft:dirt":6,"minecraft:oak_leaves":2,"minecraft:deepslate":21},"minecraft:custom":{"minecraft:mob_kills":21,"minecraft:interact_with_crafting_table":37,"minecraft:bell_ring":2,"minecraft:time_since_death":9337,"minecraft:sprint_one_cm":288293,"minecraft:walk_one_cm":122476,"minecraft:damage_blocked_by_shield":630,"minecraft:drop":53,"minecraft:talked_to_villager":1,"minecraft:play_time":75303,"minecraft:deaths":19,"minecraft:sneak_time":360,"minecraft:walk_under_water_one_cm":9437,"minecraft:jump":1926,"minecraft:walk_on_water_one_cm":18109,"minecraft:enchant_item":4,"minecraft:total_world_time":75303,"minecraft:interact_with_furnace":55,"minecraft:time_since_rest":9344,"minecraft:damage_taken":5639,"minecraft:damage_dealt":3686,"minecraft:player_kills":1,"minecraft:swim_one_cm":8807,"minecraft:fly_one_cm":334213,"minecraft:open_chest":7,"minecraft:crouch_one_cm":1320,"minecraft:fall_one_cm":65683,"minecraft:horse_one_cm":8309},"minecraft:used":{"minecraft:beetroot":1,"minecraft:stone_sword":5,"minecraft:tropical_fish":11,"minecraft:stone_shovel":9,"minecraft:poppy":1,"minecraft:chest":1,"minecraft:shield":13,"minecraft:iron_sword":67,"minecraft:iron_chestplate":1,"minecraft:torch":39,"minecraft:dirt":37,"minecraft:mutton":7,"minecraft:carrot":1,"minecraft:iron_axe":1,"minecraft:iron_helmet":1,"minecraft:iron_boots":1,"minecraft:beef":8,"minecraft:furnace":3,"minecraft:egg":2,"minecraft:cobbled_deepslate":18,"minecraft:cooked_mutton":1,"minecraft:water_bucket":41,"minecraft:diamond_boots":1,"minecraft:stone_pickaxe":95,"minecraft:wooden_pickaxe":46,"minecraft:sand":1,"minecraft:crafting_table":10,"minecraft:diamond_pickaxe":10,"minecraft:iron_pickaxe":62,"minecraft:gravel":7,"minecraft:stone_axe":27,"minecraft:diamond_sword":19,"minecraft:cobblestone":29,"minecraft:cooked_porkchop":4,"minecraft:bucket":41,"minecraft:yellow_bed":2,"minecraft:diamond_leggings":1},"minecraft:dropped":{"minecraft:water_bucket":1,"minecraft:iron_sword":1,"minecraft:oak_slab":1,"minecraft:wheat_seeds":13,"minecraft:lapis_lazuli":9,"minecraft:glow_ink_sac":16,"minecraft:diamond":9,"minecraft:crafting_table":1,"minecraft:feather":6,"minecraft:book":2,"minecraft:leather":2,"minecraft:granite":1,"minecraft:rail":8,"minecraft:cod":2,"minecraft:dirt":1,"minecraft:ink_sac":14,"minecraft:rabbit":3,"minecraft:armadillo_scute":1,"minecraft:dandelion":4,"minecraft:obsidian":2,"minecraft:raw_iron":20,"minecraft:beetroot":1,"minecraft:rotten_flesh":17,"minecraft:pumpkin_seeds":3,"minecraft:filled_map":1,"minecraft:rabbit_hide":1,"minecraft:potato":1,"minecraft:beetroot_seeds":14,"minecraft:yellow_bed":1,"minecraft:slime_ball":1,"minecraft:stone_pickaxe":1,"minecraft:black_wool":1,"minecraft:egg":1},"minecraft:picked_up":{"minecraft:crafting_table":11,"minecraft:chicken":6,"minecraft:chest_minecart":1,"minecraft:beetroot":2,"minecraft:cobbled_deepslate":19,"minecraft:beef":9,"minecraft:poppy":1,"minecraft:egg":3,"minecraft:furnace":2,"minecraft:raw_iron":87,"minecraft:stick":3,"minecraft:torch":2,"minecraft:porkchop":4,"minecraft:carrot":20,"minecraft:arrow":5,"minecraft:rotten_flesh":17,"minecraft:tropical_fish":11,"minecraft:beetroot_seeds":14,"minecraft:armadillo_scute":1,"minecraft:obsidian":3,"minecraft:mutton":10,"minecraft:cod":2,"minecraft:white_wool":5,"minecraft:rail":8,"minecraft:cobblestone":46,"minecraft:oxeye_daisy":1,"minecraft:feather":6,"minecraft:glow_ink_sac":16,"minecraft:water_bucket":1,"minecraft:leather":3,"minecraft:potato":2,"minecraft:flint":1,"minecraft:oak_log":22,"minecraft:yellow_bed":4,"minecraft:lapis_lazuli":19,"minecraft:dirt":38,"minecraft:name_tag":1,"minecraft:bone":12,"minecraft:wheat_seeds":13,"minecraft:raw_gold":7,"minecraft:rabbit_hide":1,"minecraft:iron_ingot":1,"minecraft:stone_pickaxe":1,"minecraft:rabbit":3,"minecraft:iron_sword":1,"minecraft:oak_planks":55,"minecraft:oak_slab":1,"minecraft:dandelion":4,"minecraft:gravel":7,"minecraft:sand":1,"minecraft:ink_sac":14,"minecraft:pumpkin_seeds":3,"minecraft:slime_ball":1,"minecraft:diamond":33,"minecraft:granite":1,"minecraft:coal":86,"minecraft:oak_sapling":1,"minecraft:black_wool":1},"minecraft:crafted":{"minecraft:oak_planks":88,"minecraft:stone_shovel":1,"minecraft:furnace":1,"minecraft:cooked_mutton":1,"minecraft:flint_and_steel":1,"minecraft:diamond_leggings":1,"minecraft:iron_boots":1,"minecraft:iron_axe":1,"minecraft:stone_pickaxe":1,"minecraft:chest":1,"minecraft:diamond_boots":1,"minecraft:diamond_sword":1,"minecraft:cooked_porkchop":4,"minecraft:crafting_table":1,"minecraft:wooden_pickaxe":1,"minecraft:iron_helmet":1,"minecraft:iron_sword":1,"minecraft:bucket":1,"minecraft:stone_axe":1,"minecraft:iron_chestplate":1,"minecraft:diamond_pickaxe":1,"minecraft:shield":1,"minecraft:stick":52,"minecraft:iron_ingot":38,"minecraft:iron_pickaxe":1,"minecraft:stone_sword":1,"minecraft:iron_shovel":1,"minecraft:torch":128},"minecraft:killed":{"minecraft:skeleton":2,"minecraft:creeper":1,"minecraft:sheep":2,"minecraft:zombie":13,"minecraft:cow":3},"minecraft:killed_by":{"minecraft:creeper":4,"minecraft:skeleton":4,"minecraft:witch":2,"minecraft:zombie":4}},"DataVersion":3953}