{"stats":{"minecraft:mined":{"minecraft:deepslate_diamond_ore":6,"minecraft:crafting_table":2,"minecraft:granite":1,"minecraft:short_grass":8,"minecraft:grass_block":5,"minecraft:cobblestone":5,"minecraft:deepslate_gold_ore":7,"minecraft:furnace":1,"minecraft:carrots":4,"minecraft:iron_ore":33,"minecraft:wheat":10,"minecraft:deepslate_lapis_ore":1,"minecraft:yellow_bed":3,"minecraft:deepslate_iron_ore":9,"minecraft:oak_log":6,"minecraft:coal_ore":48,"minecraft:beetroots":1,"minecraft:dirt_path":1,"minecraft:gravel":9,"minecraft:dirt":6,"minecraft:stone":42,"minecraft:deepslate":5,"minecraft:oak_leaves":1},"minecraft:custom":{"minecraft:interact_with_furnace":37,"minecraft:mob_kills":10,"minecraft:interact_with_crafting_table":19,"minecraft:bell_ring":2,"minecraft:time_since_death":1546,"minecraft:time_since_rest":1553,"minecraft:sprint_one_cm":175770,"minecraft:walk_one_cm":60703,"minecraft:damage_taken":3622,"minecraft:damage_blocked_by_shield":345,"minecraft:drop":34,"minecraft:damage_dealt":1379,"minecraft:fly_one_cm":171483,"minecraft:player_kills":1,"minecraft:open_chest":2,"minecraft:crouch_one_cm":277,"minecraft:sneak_time":82,"minecraft:play_time":39303,"minecraft:deaths":11,"minecraft:jump":1093,"minecraft:walk_on_water_one_cm":2899,"minecraft:total_world_time":39303,"minecraft:fall_one_cm":37535},"minecraft:used":{"minecraft:cooked_mutton":1,"minecraft:water_bucket":14,"minecraft:stone_sword":5,"minecraft:stone_shovel":9,"minecraft:stone_pickaxe":95,"minecraft:poppy":1,"minecraft:shield":9,"minecraft:wooden_pickaxe":46,"minecraft:iron_sword":32,"minecraft:iron_chestplate":1,"minecraft:torch":32,"minecraft:dirt":10,"minecraft:mutton":4,"minecraft:crafting_table":3,"minecraft:iron_pickaxe":27,"minecraft:iron_helmet":1,"minecraft:iron_boots":1,"minecraft:gravel":2,"minecraft:stone_axe":2,"minecraft:cobblestone":27,"minecraft:beef":4,"minecraft:furnace":1,"minecraft:cooked_porkchop":4,"minecraft:bucket":15,"minecraft:yellow_bed":2,"minecraft:egg":2},"minecraft:dropped":{"minecraft:water_bucket":1,"minecraft:oak_slab":1,"minecraft:wheat_seeds":7,"minecraft:glow_ink_sac":16,"minecraft:raw_iron":20,"minecraft:beetroot":1,"minecraft:feather":6,"minecraft:rotten_flesh":7,"minecraft:leather":2,"minecraft:granite":1,"minecraft:rail":8,"minecraft:pumpkin_seeds":3,"minecraft:cod":2,"minecraft:rabbit_hide":1,"minecraft:dirt":1,"minecraft:potato":1,"minecraft:ink_sac":14,"minecraft:beetroot_seeds":12,"minecraft:rabbit":3,"minecraft:slime_ball":1,"minecraft:armadillo_scute":1,"minecraft:black_wool":1,"minecraft:dandelion":4,"minecraft:egg":1},"minecraft:picked_up":{"minecraft:crafting_table":2,"minecraft:feather":6,"minecraft:chicken":6,"minecraft:water_bucket":1,"minecraft:glow_ink_sac":16,"minecraft:chest_minecart":1,"minecraft:leather":3,"minecraft:potato":1,"minecraft:flint":1,"minecraft:oak_log":6,"minecraft:yellow_bed":3,"minecraft:lapis_lazuli":9,"minecraft:dirt":38,"minecraft:name_tag":1,"minecraft:bone":12,"minecraft:beetroot":1,"minecraft:wheat_seeds":8,"minecraft:cobbled_deepslate":5,"minecraft:raw_gold":7,"minecraft:rabbit_hide":1,"minecraft:beef":9,"minecraft:poppy":1,"minecraft:rabbit":3,"minecraft:oak_planks":9,"minecraft:furnace":1,"minecraft:egg":3,"minecraft:oak_slab":1,"minecraft:raw_iron":65,"minecraft:torch":1,"minecraft:dandelion":4,"minecraft:gravel":7,"minecraft:porkchop":4,"minecraft:ink_sac":14,"minecraft:carrot":4,"minecraft:pumpkin_seeds":3,"minecraft:arrow":5,"minecraft:rotten_flesh":10,"minecraft:slime_ball":1,"minecraft:diamond":6,"minecraft:tropical_fish":11,"minecraft:beetroot_seeds":12,"minecraft:granite":1,"minecraft:armadillo_scute":1,"minecraft:oak_sapling":1,"minecraft:black_wool":1,"minecraft:mutton":9,"minecraft:cod":2,"minecraft:coal":86,"minecraft:rail":8,"minecraft:white_wool":4,"minecraft:cobblestone":46,"minecraft:oxeye_daisy":1},"minecraft:crafted":{"minecraft:oak_planks":24,"minecraft:stone_shovel":1,"minecraft:cooked_porkchop":4,"minecraft:crafting_table":1,"minecraft:wooden_pickaxe":1,"minecraft:iron_helmet":1,"minecraft:iron_sword":1,"minecraft:furnace":1,"minecraft:bucket":1,"minecraft:stone_axe":1,"minecraft:cooked_mutton":1,"minecraft:iron_chestplate":1,"minecraft:iron_boots":1,"minecraft:shield":1,"minecraft:stick":20,"minecraft:iron_ingot":27,"minecraft:iron_pickaxe":1,"minecraft:stone_pickaxe":1,"minecraft:stone_sword":1,"minecraft:torch":32},"minecraft:killed":{"minecraft:creeper":1,"minecraft:skeleton":1,"minecraft:sheep":1,"minecraft:zombie":4,"minecraft:cow":3},"minecraft:killed_by":{"minecraft:skeleton":2,"minecraft:creeper":4,"minecraft:witch":2,"minecraft:zombie":1}},"DataVersion":3953}