{
  "minecraft:adventure/root": {
    "criteria": {
      "killed_something": "2021-05-19 21:02:03 -0300"
    },
    "done": true
  },
  "minecraft:recipes/decorations/chest": {
    "criteria": {
      "has_lots_of_items": "2021-05-19 21:04:31 -0300"
    },
    "done": true
  },
  "minecraft:adventure/adventuring_time": {
    "criteria": {
      "minecraft:plains": "2021-05-19 21:01:28 -0300"
    },
    "done": false
  },
  "minecraft:nether/netherite_armor": {
    "criteria": {
      "netherite_armor": "2021-05-19 21:04:30 -0300"
    },
    "done": true
  },
  "DataVersion": 2586
}