{"stats":{"minecraft:mined":{"minecraft:fire":2,"minecraft:repeater":1},"minecraft:crafted":{"minecraft:shield":1},"minecraft:used":{"minecraft:oak_fence":11,"minecraft:netherite_sword":61,"minecraft:jungle_leaves":81,"minecraft:iron_bars":59,"minecraft:stone_sword":138,"minecraft:red_sand":18,"minecraft:iron_shovel":32,"minecraft:brain_coral_fan":8,"minecraft:flint_and_steel":155,"minecraft:dispenser":9,"minecraft:red_concrete":346,"minecraft:spruce_slab":32,"minecraft:redstone":555,"minecraft:poppy":6,"minecraft:oak_sign":135,"minecraft:spruce_planks":2,"minecraft:chest":3,"minecraft:shield":46,"minecraft:white_terracotta":376,"minecraft:stone":493,"minecraft:iron_sword":250,"minecraft:bubble_coral":5,"minecraft:quartz_stairs":143,"minecraft:bell":6,"minecraft:player_head":17,"minecraft:netherrack":13,"minecraft:tube_coral":13,"minecraft:debug_stick":9,"minecraft:orange_stained_glass":160,"minecraft:torch":196,"minecraft:dirt":228,"minecraft:anvil":2,"minecraft:ancient_debris":56,"minecraft:hopper":65,"minecraft:jungle_planks":2,"minecraft:orange_wool":674,"minecraft:pink_terracotta":4,"minecraft:warped_pressure_plate":5,"minecraft:blue_concrete":42,"minecraft:spruce_fence":37,"minecraft:cyan_wool":23,"minecraft:light_blue_stained_glass":17,"minecraft:obsidian":158,"minecraft:dark_oak_planks":66,"minecraft:glass":292,"minecraft:jungle_sapling":21,"minecraft:crimson_button":11,"minecraft:stone_brick_slab":18,"minecraft:bricks":71,"minecraft:red_tulip":1,"minecraft:quartz_pillar":24,"minecraft:black_stained_glass_pane":48,"minecraft:yellow_stained_glass":2,"minecraft:quartz_slab":40,"minecraft:red_wool":233,"minecraft:iron_axe":57,"minecraft:iron_block":74,"minecraft:grass_block":671,"minecraft:oak_stairs":92,"minecraft:slime_block":3,"minecraft:jungle_log":41,"minecraft:green_wool":31,"minecraft:polished_blackstone_brick_wall":112,"minecraft:warped_nylium":21,"minecraft:dark_oak_leaves":89,"minecraft:dark_oak_slab":10,"minecraft:smooth_quartz":802,"minecraft:tropical_fish_spawn_egg":71,"minecraft:dark_oak_button":7,"minecraft:pink_wool":16,"minecraft:stone_bricks":195,"minecraft:item_frame":53,"minecraft:bamboo":47,"minecraft:bedrock":429,"minecraft:tripwire_hook":16,"minecraft:repeater":680,"minecraft:purple_concrete":46,"minecraft:magma_block":6,"minecraft:redstone_lamp":14,"minecraft:lime_concrete":13,"minecraft:black_stained_glass":4,"minecraft:horn_coral":22,"minecraft:scaffolding":4,"minecraft:emerald_block":2,"minecraft:iron_trapdoor":32,"minecraft:oak_sapling":1,"minecraft:gold_block":141,"minecraft:trapped_chest":5,"minecraft:skeleton_skull":10,"minecraft:crimson_pressure_plate":4,"minecraft:stone_pressure_plate":4,"minecraft:fire_coral_fan":3,"minecraft:dark_prismarine_stairs":4,"minecraft:acacia_planks":149,"minecraft:observer":36,"minecraft:seagrass":162,"minecraft:polished_blackstone_stairs":36,"minecraft:light_blue_carpet":15,"minecraft:water_bucket":442,"minecraft:dark_oak_stairs":7,"minecraft:mossy_stone_bricks":21,"minecraft:warped_stem":17,"minecraft:end_rod":10,"minecraft:cobblestone_stairs":37,"minecraft:dropper":11,"minecraft:lead":8,"minecraft:red_stained_glass":29,"minecraft:powered_rail":1,"minecraft:polished_andesite":295,"minecraft:dark_oak_sign":11,"minecraft:oak_planks":32,"minecraft:lime_wool":72,"minecraft:bubble_coral_fan":7,"minecraft:blue_wool":12,"minecraft:redstone_block":203,"minecraft:spruce_sign":12,"minecraft:diamond_axe":32,"minecraft:cobblestone_slab":12,"minecraft:spruce_fence_gate":3,"minecraft:golden_apple":23,"minecraft:white_wool":685,"minecraft:conduit":3,"minecraft:gilded_blackstone":2,"minecraft:oak_leaves":65,"minecraft:brain_coral":16,"minecraft:dark_oak_trapdoor":21,"minecraft:mossy_cobblestone":68,"minecraft:rabbit_spawn_egg":6,"minecraft:vine":18,"minecraft:rail":35,"minecraft:comparator":34,"minecraft:light_blue_concrete":2,"minecraft:tnt":2,"minecraft:dark_prismarine_slab":10,"minecraft:loom":1,"minecraft:light_blue_wool":356,"minecraft:black_banner":8,"minecraft:light_gray_terracotta":38,"minecraft:yellow_concrete":289,"minecraft:campfire":39,"minecraft:chiseled_quartz_block":5,"minecraft:fire_coral":12,"minecraft:stone_brick_wall":11,"minecraft:infested_stone_bricks":5,"minecraft:spruce_log":100,"minecraft:warped_planks":1,"minecraft:dark_oak_door":10,"minecraft:redstone_torch":81,"minecraft:oak_log":2,"minecraft:sticky_piston":102,"minecraft:piston":8,"minecraft:netherite_block":84,"minecraft:lever":38,"minecraft:dark_prismarine":196,"minecraft:blue_glazed_terracotta":2,"minecraft:flower_pot":10,"minecraft:black_wool":448,"minecraft:black_concrete":326,"minecraft:oxeye_daisy":9,"minecraft:crying_obsidian":28,"minecraft:dark_oak_log":23,"minecraft:command_block":743,"minecraft:lime_carpet":6,"minecraft:heavy_weighted_pressure_plate":25,"minecraft:cyan_carpet":13,"minecraft:string":17,"minecraft:brown_wool":140,"minecraft:stone_button":1,"minecraft:netherite_axe":70,"minecraft:magenta_concrete":108,"minecraft:cyan_concrete":30,"minecraft:spruce_trapdoor":36,"minecraft:iron_door":15,"minecraft:yellow_wool":1000,"minecraft:green_carpet":8,"minecraft:diamond_sword":195,"minecraft:coal_block":2,"minecraft:cobblestone":889,"minecraft:stripped_oak_wood":253,"minecraft:cooked_porkchop":15,"minecraft:red_banner":15,"minecraft:lapis_block":486,"minecraft:chain":20,"minecraft:smooth_stone_slab":15,"minecraft:sea_pickle":51,"minecraft:polished_blackstone_button":40,"minecraft:white_concrete":179,"minecraft:warped_button":25,"minecraft:gray_wool":60,"minecraft:splash_potion":2,"minecraft:smooth_stone":130,"minecraft:bone_meal":248,"minecraft:soul_torch":2},"minecraft:picked_up":{"minecraft:azure_bluet":1,"minecraft:redstone_block":1,"minecraft:chicken":6,"minecraft:lead":2,"minecraft:gold_block":2,"minecraft:lapis_block":1,"minecraft:item_frame":13,"minecraft:sticky_piston":1,"minecraft:oak_sign":17,"minecraft:comparator":4,"minecraft:redstone_torch":7,"minecraft:smooth_quartz":1,"minecraft:poppy":1,"minecraft:egg":8,"minecraft:dark_oak_door":19,"minecraft:stick":640,"minecraft:stone":2,"minecraft:torch":40,"minecraft:porkchop":2,"minecraft:crimson_button":1,"minecraft:stone_button":1,"minecraft:warped_button":14,"minecraft:redstone":52,"minecraft:netherite_pickaxe":1,"minecraft:stone_sword":4,"minecraft:iron_block":1,"minecraft:black_banner":3,"minecraft:netherite_chestplate":1,"minecraft:mutton":1,"minecraft:white_wool":1,"minecraft:cobblestone":5,"minecraft:oxeye_daisy":1,"minecraft:netherite_boots":1,"minecraft:cooked_beef":64,"minecraft:feather":9,"minecraft:clock":2,"minecraft:dark_oak_button":2,"minecraft:repeater":36,"minecraft:iron_door":1,"minecraft:tripwire_hook":1,"minecraft:water_bucket":1,"minecraft:bedrock":2,"minecraft:netherite_leggings":1,"minecraft:dirt":2,"minecraft:paper":62,"minecraft:twisting_vines":3,"minecraft:glass":2,"minecraft:red_carpet":2,"minecraft:bone":103,"minecraft:dark_oak_sign":1,"minecraft:iron_sword":1,"minecraft:debug_stick":1,"minecraft:dandelion":1,"minecraft:soul_torch":3,"minecraft:red_banner":5,"minecraft:diamond_block":4,"minecraft:wither_skeleton_spawn_egg":1,"minecraft:netherite_helmet":1,"minecraft:lever":17,"minecraft:polished_blackstone_button":6,"minecraft:golden_apple":116,"minecraft:spruce_sign":1,"minecraft:bread":1,"minecraft:coal":33},"minecraft:dropped":{"minecraft:water_bucket":2,"minecraft:spruce_sign":1,"minecraft:bread":7,"minecraft:iron_sword":1,"minecraft:piston":1,"minecraft:netherite_chestplate":1,"minecraft:netherite_helmet":1,"minecraft:command_block":1,"minecraft:bedrock":2,"minecraft:grass_block":2,"minecraft:golden_apple":52,"minecraft:item_frame":128,"minecraft:iron_block":1,"minecraft:dirt":1,"minecraft:wither_skeleton_spawn_egg":1,"minecraft:repeater":4,"minecraft:smooth_quartz":1,"minecraft:netherite_boots":1,"minecraft:paper":4,"minecraft:lapis_block":1,"minecraft:redstone_block":1,"minecraft:redstone":6,"minecraft:bricks":1,"minecraft:lever":7,"minecraft:sticky_piston":1,"minecraft:oak_sign":2,"minecraft:netherite_leggings":1,"minecraft:flint_and_steel":2,"minecraft:stone":1,"minecraft:shield":1,"minecraft:spruce_planks":1,"minecraft:redstone_torch":1,"minecraft:netherrack":1},"minecraft:custom":{"minecraft:inspect_dropper":5,"minecraft:mob_kills":49,"minecraft:interact_with_anvil":27,"minecraft:inspect_hopper":201,"minecraft:interact_with_crafting_table":2,"minecraft:leave_game":26,"minecraft:time_since_death":220,"minecraft:climb_one_cm":1816,"minecraft:sprint_one_cm":390484,"minecraft:walk_one_cm":1167225,"minecraft:damage_blocked_by_shield":3902,"minecraft:drop":53,"minecraft:deaths":67,"minecraft:sneak_time":23244,"minecraft:walk_under_water_one_cm":73725,"minecraft:jump":4750,"minecraft:walk_on_water_one_cm":45222,"minecraft:play_one_minute":1502583,"minecraft:interact_with_loom":15,"minecraft:pot_flower":11,"minecraft:damage_absorbed":799,"minecraft:time_since_rest":250,"minecraft:damage_taken":15522,"minecraft:trigger_trapped_chest":35,"minecraft:damage_dealt":14510,"minecraft:swim_one_cm":501,"minecraft:fly_one_cm":9553868,"minecraft:player_kills":5,"minecraft:open_chest":53,"minecraft:crouch_one_cm":6140,"minecraft:fall_one_cm":38517,"minecraft:inspect_dispenser":95},"minecraft:broken":{"minecraft:stone_sword":2,"minecraft:iron_sword":1},"minecraft:killed_by":{"minecraft:player":17,"minecraft:wither_skeleton":9},"minecraft:killed":{"minecraft:rabbit":2,"minecraft:wither_skeleton":47}},"DataVersion":2586}