{"stats":{"minecraft:used":{"minecraft:stone_brick_stairs":111,"minecraft:oak_log":79,"minecraft:oak_door":1,"minecraft:blue_stained_glass_pane":38,"minecraft:packed_ice":393,"minecraft:glowstone":1,"minecraft:light_blue_stained_glass_pane":6,"minecraft:respawn_anchor":1,"minecraft:sea_lantern":24,"minecraft:black_concrete":25,"minecraft:red_sand":2,"minecraft:dirt":11,"minecraft:anvil":3,"minecraft:cobblestone":55,"minecraft:orange_concrete":4,"minecraft:cyan_stained_glass_pane":20,"minecraft:grass_block":2,"minecraft:light_blue_wool":19,"minecraft:spruce_stairs":189,"minecraft:oak_sign":1,"minecraft:glass_pane":29,"minecraft:wet_sponge":1,"minecraft:spruce_planks":312,"minecraft:white_terracotta":155,"minecraft:stone":18,"minecraft:warped_planks":4,"minecraft:stone_bricks":19},"minecraft:custom":{"minecraft:time_since_rest":57650,"minecraft:open_chest":1,"minecraft:crouch_one_cm":1489,"minecraft:play_one_minute":57650,"minecraft:sprint_one_cm":33576,"minecraft:walk_one_cm":50415,"minecraft:sneak_time":2533,"minecraft:interact_with_anvil":4,"minecraft:jump":331,"minecraft:damage_dealt":10,"minecraft:leave_game":2,"minecraft:time_since_death":57650,"minecraft:climb_one_cm":4726,"minecraft:fall_one_cm":868,"minecraft:fly_one_cm":633976,"minecraft:inspect_dispenser":3},"minecraft:picked_up":{"minecraft:paper":2}},"DataVersion":2586}