{"stats":{"minecraft:used":{"minecraft:netherite_axe":3,"minecraft:netherite_sword":21,"minecraft:quartz_slab":1},"minecraft:custom":{"minecraft:jump":44,"minecraft:time_since_rest":1301,"minecraft:damage_taken":1380,"minecraft:damage_dealt":1994,"minecraft:play_one_minute":11058,"minecraft:leave_game":2,"minecraft:sprint_one_cm":7323,"minecraft:time_since_death":1300,"minecraft:walk_one_cm":17394,"minecraft:deaths":10,"minecraft:sneak_time":2,"minecraft:trigger_trapped_chest":12,"minecraft:fall_one_cm":4504,"minecraft:fly_one_cm":18356,"minecraft:player_kills":7},"minecraft:picked_up":{"minecraft:oak_sign":5}},"DataVersion":2586}