{"stats":{"minecraft:picked_up":{"minecraft:lime_wool":1,"minecraft:wheat":1,"minecraft:spruce_sapling":1,"minecraft:paper":14,"minecraft:oak_sign":1,"minecraft:light_blue_wool":1,"minecraft:bread":1,"minecraft:white_wool":1},"minecraft:used":{"minecraft:birch_fence":18,"minecraft:netherite_sword":6,"minecraft:oak_log":24,"minecraft:glass":77,"minecraft:water_bucket":71,"minecraft:stone_brick_slab":4,"minecraft:nether_brick_fence":23,"minecraft:packed_ice":36,"minecraft:jungle_leaves":43,"minecraft:black_wool":42,"minecraft:lava_bucket":57,"minecraft:dark_oak_log":5,"minecraft:snow_block":222,"minecraft:red_wool":66,"minecraft:spruce_slab":40,"minecraft:grass_block":41,"minecraft:oak_stairs":50,"minecraft:bread":3,"minecraft:oak_planks":9,"minecraft:oak_sign":1,"minecraft:blue_wool":119,"minecraft:ender_pearl":25,"minecraft:chest":2,"minecraft:white_terracotta":23,"minecraft:fox_spawn_egg":3,"minecraft:sandstone":15,"minecraft:smooth_quartz":80,"minecraft:spruce_sapling":11,"minecraft:stone_brick_stairs":4,"minecraft:yellow_wool":7,"minecraft:blaze_spawn_egg":3,"minecraft:netherrack":202,"minecraft:cracked_stone_bricks":1,"minecraft:white_wool":2,"minecraft:dirt":12,"minecraft:mossy_cobblestone":11,"minecraft:sand":213,"minecraft:cobblestone":44,"minecraft:snow":117,"minecraft:crafting_table":1,"minecraft:wolf_spawn_egg":2,"minecraft:light_blue_wool":6,"minecraft:furnace":1,"minecraft:stripped_oak_wood":118,"minecraft:dark_oak_fence":7,"minecraft:nether_bricks":212,"minecraft:bucket":3,"minecraft:white_bed":1,"minecraft:infested_cobblestone":37,"minecraft:sponge":3,"minecraft:white_concrete":2,"minecraft:zombified_piglin_spawn_egg":8,"minecraft:blue_concrete":36,"minecraft:nether_brick_stairs":8,"minecraft:bone_meal":62,"minecraft:dark_oak_door":7},"minecraft:killed":{"minecraft:wolf":3},"minecraft:dropped":{"minecraft:paper":2},"minecraft:custom":{"minecraft:time_since_rest":5392,"minecraft:sprint_one_cm":86619,"minecraft:damage_taken":80,"minecraft:walk_one_cm":300834,"minecraft:interact_with_anvil":10,"minecraft:mob_kills":3,"minecraft:drop":2,"minecraft:damage_dealt":589,"minecraft:fly_one_cm":727069,"minecraft:open_chest":10,"minecraft:crouch_one_cm":4190,"minecraft:play_one_minute":132241,"minecraft:deaths":6,"minecraft:sneak_time":3350,"minecraft:jump":921,"minecraft:leave_game":4,"minecraft:walk_on_water_one_cm":8243,"minecraft:time_since_death":5366,"minecraft:climb_one_cm":2294,"minecraft:fall_one_cm":1334,"minecraft:inspect_dispenser":23}},"DataVersion":2586}