{"stats":{"minecraft:used":{"minecraft:redstone_torch":3,"minecraft:golden_apple":2,"minecraft:torch":14,"minecraft:diamond_sword":8,"minecraft:repeater":4,"minecraft:cobblestone":25,"minecraft:command_block":1,"minecraft:grass_block":8,"minecraft:ender_pearl":32,"minecraft:iron_sword":5,"minecraft:redstone_block":1,"minecraft:experience_bottle":8},"minecraft:custom":{"minecraft:time_since_rest":541,"minecraft:open_chest":76,"minecraft:damage_absorbed":40,"minecraft:play_one_minute":22065,"minecraft:crouch_one_cm":1621,"minecraft:walk_one_cm":14432,"minecraft:sprint_one_cm":26649,"minecraft:damage_taken":4673,"minecraft:deaths":10,"minecraft:sneak_time":812,"minecraft:jump":240,"minecraft:damage_dealt":132,"minecraft:leave_game":1,"minecraft:time_since_death":520,"minecraft:climb_one_cm":129,"minecraft:damage_resisted":112,"minecraft:fall_one_cm":45802,"minecraft:fly_one_cm":169641},"minecraft:killed_by":{"minecraft:player":3}},"DataVersion":2586}