{"stats":{"minecraft:used":{"minecraft:netherite_shovel":2},"minecraft:custom":{"minecraft:time_since_rest":4478,"minecraft:damage_taken":245,"minecraft:play_one_minute":6017,"minecraft:crouch_one_cm":135,"minecraft:leave_game":3,"minecraft:time_since_death":4453,"minecraft:sprint_one_cm":7104,"minecraft:walk_one_cm":12097,"minecraft:walk_on_water_one_cm":298,"minecraft:deaths":1,"minecraft:sneak_time":197,"minecraft:drop":3,"minecraft:fly_one_cm":102253,"minecraft:open_chest":1,"minecraft:jump":26},"minecraft:mined":{"minecraft:large_fern":1},"minecraft:picked_up":{"minecraft:filled_map":1,"minecraft:paper":1},"minecraft:dropped":{"minecraft:paper":1,"minecraft:netherite_shovel":1,"minecraft:flint_and_steel":1}},"DataVersion":2586}