{"stats":{"minecraft:used":{"minecraft:spider_spawn_egg":4,"minecraft:oak_fence":1,"minecraft:dark_oak_stairs":1,"minecraft:water_bucket":3,"minecraft:netherite_sword":24,"minecraft:writable_book":4,"minecraft:iron_bars":12,"minecraft:cobblestone_stairs":74,"minecraft:dropper":2,"minecraft:powered_rail":34,"minecraft:spruce_slab":200,"minecraft:redstone":162,"minecraft:dispenser":3,"minecraft:polished_andesite":182,"minecraft:lime_wool":65,"minecraft:oak_planks":92,"minecraft:oak_sign":5,"minecraft:spruce_planks":2,"minecraft:chest":3,"minecraft:stone":82,"minecraft:cobblestone_slab":71,"minecraft:dirt":125,"minecraft:rail":4,"minecraft:oak_slab":11,"minecraft:crafting_table":3,"minecraft:blue_stained_glass":6,"minecraft:red_bed":3,"minecraft:light_blue_wool":2,"minecraft:painting":28,"minecraft:music_disc_13":2,"minecraft:redstone_torch":33,"minecraft:oak_log":190,"minecraft:sticky_piston":11,"minecraft:piston":6,"minecraft:lever":7,"minecraft:flower_pot":3,"minecraft:bookshelf":25,"minecraft:command_block":3,"minecraft:red_wool":11,"minecraft:lantern":4,"minecraft:grass_block":15,"minecraft:oak_stairs":3,"minecraft:bread":2,"minecraft:string":2,"minecraft:spruce_button":1,"minecraft:stone_button":37,"minecraft:dark_oak_slab":4,"minecraft:smooth_quartz":15,"minecraft:oak_pressure_plate":1,"minecraft:stone_brick_stairs":44,"minecraft:stone_bricks":303,"minecraft:music_disc_stal":1,"minecraft:item_frame":2,"minecraft:bedrock":2,"minecraft:diamond_sword":6,"minecraft:repeater":17,"minecraft:cobblestone":8,"minecraft:written_book":1,"minecraft:furnace":15,"minecraft:minecart":1,"minecraft:glass_pane":22,"minecraft:trapped_chest":2,"minecraft:stone_pressure_plate":5,"minecraft:jukebox":11},"minecraft:custom":{"minecraft:interact_with_furnace":1,"minecraft:inspect_dropper":1,"minecraft:play_record":3,"minecraft:play_one_minute":170424,"minecraft:pot_flower":3,"minecraft:leave_game":2,"minecraft:time_since_death":159175,"minecraft:damage_resisted":769,"minecraft:time_since_rest":159177,"minecraft:damage_taken":321,"minecraft:sprint_one_cm":68404,"minecraft:walk_one_cm":653694,"minecraft:trigger_trapped_chest":28,"minecraft:drop":1,"minecraft:damage_dealt":451,"minecraft:fly_one_cm":955576,"minecraft:player_kills":2,"minecraft:open_chest":9,"minecraft:crouch_one_cm":13365,"minecraft:deaths":1,"minecraft:sneak_time":7218,"minecraft:walk_under_water_one_cm":92,"minecraft:aviate_one_cm":222421,"minecraft:jump":359,"minecraft:walk_on_water_one_cm":518,"minecraft:fall_one_cm":2962,"minecraft:inspect_dispenser":2},"minecraft:picked_up":{"minecraft:music_disc_stal":1,"minecraft:lantern":1,"minecraft:oak_sign":1,"minecraft:redstone_torch":1,"minecraft:music_disc_13":4,"minecraft:redstone":3,"minecraft:lever":1,"minecraft:painting":1,"minecraft:bread":64},"minecraft:killed_by":{"minecraft:player":1},"minecraft:dropped":{"minecraft:written_book":1}},"DataVersion":2586}