{"stats":{"minecraft:killed_by":{"minecraft:player":14},"minecraft:picked_up":{"minecraft:netherite_boots":2,"minecraft:potion":3,"minecraft:netherite_leggings":1,"minecraft:paper":6,"minecraft:oak_sign":2},"minecraft:used":{"minecraft:trident":23,"minecraft:lava_bucket":1,"minecraft:netherite_sword":13,"minecraft:water_bucket":41,"minecraft:sea_lantern":10,"minecraft:black_wool":19,"minecraft:iron_bars":8,"minecraft:bricks":4,"minecraft:coal_ore":11,"minecraft:quartz_pillar":84,"minecraft:spruce_door":5,"minecraft:red_wool":3,"minecraft:iron_axe":21,"minecraft:grass_block":4,"minecraft:spruce_slab":59,"minecraft:polished_andesite":91,"minecraft:oak_sign":2,"minecraft:oak_planks":33,"minecraft:warped_nylium":1,"minecraft:shield":4,"minecraft:stone_slab":23,"minecraft:dark_oak_leaves":1,"minecraft:red_terracotta":39,"minecraft:quartz_stairs":39,"minecraft:gold_ore":3,"minecraft:item_frame":3,"minecraft:oak_leaves":16,"minecraft:white_wool":4,"minecraft:golden_sword":4,"minecraft:purpur_stairs":50,"minecraft:dirt":1,"minecraft:cobblestone":90,"minecraft:bow":3,"minecraft:vine":11,"minecraft:white_stained_glass":37,"minecraft:lapis_block":45,"minecraft:crossbow":2,"minecraft:glass_pane":4,"minecraft:mossy_cobblestone_wall":21,"minecraft:spruce_fence":4,"minecraft:enchanted_golden_apple":3,"minecraft:birch_stairs":5,"minecraft:polished_diorite":19,"minecraft:cobweb":8,"minecraft:honey_bottle":2},"minecraft:dropped":{"minecraft:water_bucket":1,"minecraft:dirt":1,"minecraft:shield":1,"minecraft:glass_bottle":1,"minecraft:netherite_helmet":1,"minecraft:netherite_chestplate":1,"minecraft:netherite_boots":2,"minecraft:potion":3,"minecraft:paper":3,"minecraft:crimson_hyphae":7,"minecraft:oak_sign":1,"minecraft:bucket":1,"minecraft:grass_block":1,"minecraft:netherite_leggings":2,"minecraft:dark_oak_leaves":1},"minecraft:custom":{"minecraft:damage_blocked_by_shield":380,"minecraft:time_since_rest":404,"minecraft:damage_absorbed":327,"minecraft:sprint_one_cm":17466,"minecraft:damage_taken":7581,"minecraft:walk_one_cm":318578,"minecraft:trigger_trapped_chest":2,"minecraft:interact_with_anvil":5,"minecraft:drop":27,"minecraft:damage_dealt":1022,"minecraft:fly_one_cm":378079,"minecraft:open_chest":16,"minecraft:crouch_one_cm":17575,"minecraft:play_one_minute":118770,"minecraft:deaths":26,"minecraft:sneak_time":6820,"minecraft:walk_under_water_one_cm":183,"minecraft:aviate_one_cm":1906,"minecraft:jump":439,"minecraft:leave_game":3,"minecraft:walk_on_water_one_cm":1666,"minecraft:time_since_death":362,"minecraft:climb_one_cm":1305,"minecraft:damage_resisted":244,"minecraft:fall_one_cm":31398,"minecraft:inspect_dispenser":11},"minecraft:mined":{"minecraft:glass_pane":2,"minecraft:cobweb":1}},"DataVersion":2586}