{"stats":{"minecraft:used":{"minecraft:dark_oak_planks":83,"minecraft:trident":38,"minecraft:netherite_sword":11,"minecraft:firework_rocket":8,"minecraft:spruce_door":1,"minecraft:light_gray_stained_glass_pane":1,"minecraft:gray_stained_glass_pane":8,"minecraft:grass_block":4,"minecraft:netherite_axe":6,"minecraft:slime_block":2,"minecraft:oak_planks":1,"minecraft:smooth_quartz":1,"minecraft:cat_spawn_egg":29,"minecraft:stone_brick_stairs":3,"minecraft:stone_bricks":1,"minecraft:torch":10,"minecraft:diamond_sword":95,"minecraft:anvil":1,"minecraft:scaffolding":33,"minecraft:jungle_planks":1,"minecraft:spruce_stairs":7,"minecraft:light_blue_stained_glass":1},"minecraft:dropped":{"minecraft:bedrock":2,"minecraft:scaffolding":1,"minecraft:elytra":1},"minecraft:killed":{"minecraft:cat":28},"minecraft:picked_up":{"minecraft:scaffolding":132,"minecraft:lead":1,"minecraft:torch":1,"minecraft:bedrock":2,"minecraft:warped_button":1,"minecraft:gold_nugget":7,"minecraft:netherite_sword":1,"minecraft:red_tulip":1,"minecraft:rose_bush":2,"minecraft:glowstone_dust":26},"minecraft:killed_by":{"minecraft:player":1},"minecraft:mined":{"minecraft:fire":1,"minecraft:rose_bush":1},"minecraft:custom":{"minecraft:time_since_rest":31028,"minecraft:damage_taken":6833,"minecraft:sprint_one_cm":253861,"minecraft:walk_one_cm":410123,"minecraft:interact_with_anvil":1,"minecraft:mob_kills":28,"minecraft:drop":4,"minecraft:damage_dealt":6284,"minecraft:fly_one_cm":577216,"minecraft:player_kills":3,"minecraft:open_chest":3,"minecraft:play_one_minute":135210,"minecraft:crouch_one_cm":1297,"minecraft:deaths":6,"minecraft:sneak_time":743,"minecraft:aviate_one_cm":112784,"minecraft:jump":1443,"minecraft:leave_game":1,"minecraft:walk_on_water_one_cm":3471,"minecraft:time_since_death":31002,"minecraft:climb_one_cm":26316,"minecraft:damage_resisted":1300,"minecraft:fall_one_cm":64896}},"DataVersion":2586}