{"stats":{"minecraft:dropped":{"minecraft:diamond_block":1,"minecraft:stone_brick_wall":1,"minecraft:paper":2},"minecraft:used":{"minecraft:andesite_wall":1,"minecraft:water_bucket":307,"minecraft:netherite_sword":17,"minecraft:black_wool":10,"minecraft:iron_bars":1,"minecraft:lava_bucket":1,"minecraft:red_wool":177,"minecraft:grass_block":11,"minecraft:redstone":5,"minecraft:oak_sign":9,"minecraft:chest":13,"minecraft:stone":82,"minecraft:redstone_block":3,"minecraft:smooth_quartz":5,"minecraft:crimson_roots":5,"minecraft:crimson_nylium":66,"minecraft:stone_bricks":2,"minecraft:light_gray_wool":4,"minecraft:nether_wart_block":16,"minecraft:diamond_block":60,"minecraft:dirt":1,"minecraft:sand":72,"minecraft:cobblestone_wall":7,"minecraft:drowned_spawn_egg":34,"minecraft:crimson_hyphae":89,"minecraft:lapis_block":334,"minecraft:gold_block":85,"minecraft:stone_brick_wall":2,"minecraft:kelp":49,"minecraft:warped_button":2,"minecraft:dandelion":1,"minecraft:weeping_vines":8,"minecraft:seagrass":88,"minecraft:red_sandstone_wall":15,"minecraft:dark_oak_door":2},"minecraft:picked_up":{"minecraft:dandelion":1,"minecraft:warped_button":1,"minecraft:diamond_block":1,"minecraft:paper":11,"minecraft:oak_sign":4,"minecraft:kelp":3,"minecraft:crimson_roots":4},"minecraft:custom":{"minecraft:time_since_rest":52963,"minecraft:walk_one_cm":153307,"minecraft:sprint_one_cm":46029,"minecraft:damage_taken":210,"minecraft:interact_with_anvil":4,"minecraft:drop":4,"minecraft:damage_dealt":1204,"minecraft:fly_one_cm":760337,"minecraft:player_kills":5,"minecraft:open_chest":19,"minecraft:play_one_minute":102588,"minecraft:crouch_one_cm":285,"minecraft:deaths":1,"minecraft:sneak_time":1335,"minecraft:walk_under_water_one_cm":9713,"minecraft:jump":677,"minecraft:leave_game":3,"minecraft:time_since_death":52934,"minecraft:walk_on_water_one_cm":31668,"minecraft:climb_one_cm":4069,"minecraft:fall_one_cm":2028,"minecraft:inspect_dispenser":20}},"DataVersion":2586}