{"stats":{"minecraft:custom":{"minecraft:interact_with_crafting_table":57,"minecraft:bell_ring":1,"minecraft:leave_game":167,"minecraft:time_since_death":71,"minecraft:damage_blocked_by_shield":5697,"minecraft:play_time":487524,"minecraft:deaths":522,"minecraft:jump":24734,"minecraft:interact_with_furnace":2,"minecraft:play_record":7,"minecraft:traded_with_villager":1,"minecraft:sleep_in_bed":3,"minecraft:damage_dealt":28478,"minecraft:interact_with_smoker":2,"minecraft:inspect_dispenser":203,"minecraft:inspect_dropper":14,"minecraft:interact_with_anvil":91,"minecraft:inspect_hopper":878,"minecraft:target_hit":99,"minecraft:sneak_time":170937,"minecraft:interact_with_lectern":87,"minecraft:total_world_time":339752,"minecraft:tune_noteblock":1458,"minecraft:time_since_rest":105,"minecraft:swim_one_cm":69938,"minecraft:fly_one_cm":52115411,"minecraft:open_chest":1740,"minecraft:fall_one_cm":1757242,"minecraft:damage_resisted":71431,"minecraft:sprint_one_cm":4408759,"minecraft:drop":905,"minecraft:play_noteblock":975,"minecraft:talked_to_villager":4,"minecraft:walk_on_water_one_cm":141635,"minecraft:open_enderchest":90,"minecraft:interact_with_beacon":5,"minecraft:player_kills":47,"minecraft:crouch_one_cm":188072,"minecraft:mob_kills":108,"minecraft:climb_one_cm":21349,"minecraft:walk_one_cm":6719385,"minecraft:walk_under_water_one_cm":74185,"minecraft:boat_one_cm":64541,"minecraft:pot_flower":2,"minecraft:damage_taken":1100275,"minecraft:damage_absorbed":464,"minecraft:trigger_trapped_chest":165,"minecraft:minecart_one_cm":7105,"minecraft:pig_one_cm":21340,"minecraft:aviate_one_cm":9886366},"minecraft:used":{"minecraft:moss_block":13,"minecraft:orange_dye":17,"minecraft:writable_book":277,"minecraft:chiseled_deepslate":8,"minecraft:smooth_quartz_slab":126,"minecraft:spruce_slab":54,"minecraft:dispenser":130,"minecraft:poppy":5,"minecraft:ladder":32,"minecraft:black_carpet":42,"minecraft:chest":165,"minecraft:stone":3732,"minecraft:brown_concrete":103,"minecraft:warped_sign":56,"minecraft:red_nether_brick_stairs":280,"minecraft:quartz_stairs":288,"minecraft:farmland":1,"minecraft:tube_coral":15,"minecraft:soul_sand":64,"minecraft:blue_stained_glass":4,"minecraft:allium":1,"minecraft:cracked_deepslate_tiles":1,"minecraft:acacia_button":1,"minecraft:snowball":65,"minecraft:stripped_spruce_log":22,"minecraft:spruce_boat":1,"minecraft:packed_ice":17,"minecraft:honey_block":1,"minecraft:lava_bucket":38,"minecraft:netherite_shovel":2,"minecraft:stripped_dark_oak_wood":350,"minecraft:lime_banner":9,"minecraft:quartz_pillar":201,"minecraft:villager_spawn_egg":2,"minecraft:warped_hyphae":780,"minecraft:red_wool":197,"minecraft:black_stained_glass_pane":11,"minecraft:grass_block":6065,"minecraft:quartz_block":93,"minecraft:wet_sponge":24,"minecraft:netherite_hoe":2,"minecraft:dark_oak_leaves":322,"minecraft:dark_oak_slab":78,"minecraft:dark_oak_button":8,"minecraft:diorite_wall":44,"minecraft:stone_brick_stairs":262,"minecraft:blue_banner":19,"minecraft:music_disc_stal":5,"minecraft:red_stained_glass_pane":1,"minecraft:snow":15,"minecraft:bow":232,"minecraft:dark_oak_boat":3,"minecraft:oak_sapling":3,"minecraft:yellow_glazed_terracotta":15,"minecraft:furnace":2,"minecraft:egg":5,"minecraft:gray_banner":2,"minecraft:end_stone_brick_stairs":114,"minecraft:seagrass":10,"minecraft:dark_prismarine_stairs":4,"minecraft:lime_glazed_terracotta":20,"minecraft:deepslate_brick_wall":8,"minecraft:light_blue_carpet":1,"minecraft:mossy_stone_bricks":26,"minecraft:cow_spawn_egg":5,"minecraft:end_stone_bricks":2,"minecraft:spruce_door":7,"minecraft:red_stained_glass":10,"minecraft:powered_rail":275,"minecraft:prismarine":1,"minecraft:blackstone":5,"minecraft:wooden_pickaxe":205,"minecraft:black_glazed_terracotta":145,"minecraft:parrot_spawn_egg":5,"minecraft:purpur_pillar":6,"minecraft:oak_leaves":151,"minecraft:smooth_quartz_stairs":445,"minecraft:golden_apple":8,"minecraft:dark_oak_trapdoor":27,"minecraft:blue_dye":23,"minecraft:sand":5,"minecraft:cyan_dye":20,"minecraft:acacia_leaves":1,"minecraft:chiseled_quartz_block":395,"minecraft:deepslate_tiles":7,"minecraft:enderman_spawn_egg":45,"minecraft:crying_obsidian":190,"minecraft:gray_stained_glass_pane":15,"minecraft:zombie_head":4,"minecraft:cyan_carpet":10,"minecraft:stone_button":57,"minecraft:lectern":13,"minecraft:spore_blossom":67,"minecraft:red_terracotta":22,"minecraft:oak_pressure_plate":17,"minecraft:cat_spawn_egg":29,"minecraft:soul_lantern":14,"minecraft:nether_wart_block":100,"minecraft:fire_charge":3,"minecraft:dark_oak_fence":117,"minecraft:white_stained_glass":9,"minecraft:birch_log":17,"minecraft:piglin_spawn_egg":2,"minecraft:ice":17,"minecraft:oak_boat":143,"minecraft:compass":5,"minecraft:gray_stained_glass":140,"minecraft:oak_trapdoor":30,"minecraft:polished_blackstone_brick_slab":468,"minecraft:iron_bars":96,"minecraft:enchanting_table":16,"minecraft:stone_sword":13,"minecraft:acacia_log":26,"minecraft:dead_bush":14,"minecraft:orange_concrete":79,"minecraft:brain_coral_fan":1,"minecraft:carved_pumpkin":1,"minecraft:red_concrete":1492,"minecraft:armor_stand":37,"minecraft:light_gray_carpet":29,"minecraft:netherrack":132,"minecraft:torch":383,"minecraft:green_glazed_terracotta":3,"minecraft:anvil":56,"minecraft:target":3,"minecraft:light_blue_dye":21,"minecraft:twisting_vines":10,"minecraft:crimson_hyphae":2363,"minecraft:stone_stairs":7,"minecraft:yellow_carpet":51,"minecraft:jungle_trapdoor":35,"minecraft:glow_lichen":59,"minecraft:blue_concrete":294,"minecraft:oak_fence_gate":1,"minecraft:fern":7,"minecraft:shroomlight":78,"minecraft:mossy_cobblestone_stairs":1,"minecraft:sea_lantern":1,"minecraft:gray_dye":2,"minecraft:iron_axe":3,"minecraft:filled_map":5,"minecraft:iron_block":76,"minecraft:light_weighted_pressure_plate":16,"minecraft:slime_block":67,"minecraft:warped_fence":1,"minecraft:polished_deepslate_wall":1,"minecraft:smooth_quartz":580,"minecraft:lime_dye":15,"minecraft:prismarine_slab":96,"minecraft:basalt":75,"minecraft:tripwire_hook":33,"minecraft:purple_concrete":5,"minecraft:glowstone":240,"minecraft:lime_concrete":1323,"minecraft:warped_stairs":13,"minecraft:iron_trapdoor":62,"minecraft:magenta_terracotta":63,"minecraft:trapped_chest":16,"minecraft:crimson_pressure_plate":5,"minecraft:cobbled_deepslate":1,"minecraft:acacia_planks":204,"minecraft:observer":56,"minecraft:orange_terracotta":13,"minecraft:magenta_dye":8,"minecraft:hanging_roots":7,"minecraft:horn_coral_fan":9,"minecraft:crimson_stem":2,"minecraft:deepslate_emerald_ore":1,"minecraft:water_bucket":542,"minecraft:yellow_banner":51,"minecraft:warped_stem":196,"minecraft:prismarine_brick_slab":151,"minecraft:birch_planks":1155,"minecraft:lime_wool":394,"minecraft:gold_ore":1,"minecraft:glow_ink_sac":150,"minecraft:deepslate_bricks":2,"minecraft:polished_blackstone_bricks":245,"minecraft:polished_deepslate_slab":6,"minecraft:mossy_cobblestone":99,"minecraft:brown_dye":1,"minecraft:orange_carpet":21,"minecraft:rail":161,"minecraft:comparator":95,"minecraft:vine":86,"minecraft:red_bed":7,"minecraft:oak_slab":24,"minecraft:tnt":37,"minecraft:crafting_table":11,"minecraft:green_dye":12,"minecraft:crimson_trapdoor":42,"minecraft:phantom_spawn_egg":1,"minecraft:birch_sign":3,"minecraft:campfire":1,"minecraft:white_bed":1,"minecraft:dark_oak_fence_gate":2,"minecraft:fire_coral":13,"minecraft:spruce_log":153,"minecraft:deepslate_tile_wall":40,"minecraft:oak_log":31,"minecraft:dark_prismarine":6,"minecraft:yellow_dye":18,"minecraft:ender_eye":1,"minecraft:cornflower":6,"minecraft:oxeye_daisy":3,"minecraft:acacia_sign":18,"minecraft:stripped_jungle_log":13,"minecraft:sunflower":2,"minecraft:oak_button":4,"minecraft:pig_spawn_egg":3,"minecraft:tnt_minecart":66,"minecraft:cyan_concrete":15,"minecraft:spruce_trapdoor":72,"minecraft:crimson_nylium":102,"minecraft:crimson_sign":57,"minecraft:chiseled_stone_bricks":2,"minecraft:blue_carpet":10,"minecraft:green_carpet":17,"minecraft:cobblestone":504,"minecraft:potion":2,"minecraft:crimson_stairs":44,"minecraft:acacia_pressure_plate":1,"minecraft:red_concrete_powder":13,"minecraft:glass_pane":29,"minecraft:black_candle":26,"minecraft:repeating_command_block":38,"minecraft:end_portal_frame":9,"minecraft:dandelion":3,"minecraft:brown_mushroom_block":9,"minecraft:jukebox":11,"minecraft:light_blue_banner":5,"minecraft:red_sand":9,"minecraft:light_gray_dye":1,"minecraft:polished_deepslate":1,"minecraft:carrot_on_a_stick":12,"minecraft:bone_block":23,"minecraft:oak_sign":319,"minecraft:polished_basalt":18,"minecraft:shield":94,"minecraft:zombie_spawn_egg":12,"minecraft:creeper_head":2,"minecraft:bell":1,"minecraft:grass":4,"minecraft:player_head":6,"minecraft:stripped_crimson_stem":169,"minecraft:spruce_leaves":1,"minecraft:debug_stick":8,"minecraft:orange_glazed_terracotta":11,"minecraft:prismarine_brick_stairs":143,"minecraft:deepslate_tile_slab":36,"minecraft:pink_terracotta":4,"minecraft:furnace_minecart":9,"minecraft:music_disc_13":2,"minecraft:obsidian":485,"minecraft:milk_bucket":6,"minecraft:honey_bottle":18,"minecraft:polished_deepslate_stairs":10,"minecraft:glass":824,"minecraft:crimson_button":19,"minecraft:cyan_terracotta":4,"minecraft:quartz_slab":297,"minecraft:lantern":92,"minecraft:polished_blackstone_brick_wall":83,"minecraft:warped_nylium":242,"minecraft:dark_oak_wood":55,"minecraft:mossy_cobblestone_slab":79,"minecraft:crimson_roots":5,"minecraft:hopper_minecart":5,"minecraft:stone_bricks":938,"minecraft:item_frame":420,"minecraft:bedrock":125,"minecraft:birch_button":23,"minecraft:birch_trapdoor":7,"minecraft:red_carpet":50,"minecraft:repeater":3737,"minecraft:redstone_lamp":98,"minecraft:red_nether_brick_wall":21,"minecraft:magma_block":13,"minecraft:brown_carpet":5,"minecraft:horn_coral":13,"minecraft:warped_fungus":22,"minecraft:written_book":62,"minecraft:scaffolding":7,"minecraft:jungle_button":1,"minecraft:gold_block":1325,"minecraft:skeleton_skull":72,"minecraft:fire_coral_fan":14,"minecraft:large_fern":80,"minecraft:polished_blackstone_stairs":13,"minecraft:stripped_spruce_wood":4,"minecraft:dark_oak_sapling":20,"minecraft:chiseled_polished_blackstone":3,"minecraft:dark_oak_stairs":44,"minecraft:tube_coral_fan":10,"minecraft:end_rod":180,"minecraft:dropper":18,"minecraft:wither_skeleton_skull":16,"minecraft:gray_carpet":44,"minecraft:dark_oak_sign":18,"minecraft:prismarine_stairs":64,"minecraft:oak_planks":206,"minecraft:birch_wood":119,"minecraft:ender_pearl":70,"minecraft:redstone_block":1412,"minecraft:end_stone_brick_slab":80,"minecraft:blue_bed":10,"minecraft:white_wool":53,"minecraft:brain_coral":1,"minecraft:light_blue_concrete":32,"minecraft:yellow_terracotta":139,"minecraft:infested_chiseled_stone_bricks":5,"minecraft:light_blue_wool":221,"minecraft:black_banner":31,"minecraft:yellow_concrete":1433,"minecraft:crossbow":12,"minecraft:sponge":7,"minecraft:note_block":172,"minecraft:lingering_potion":6,"minecraft:stone_brick_wall":62,"minecraft:cobbled_deepslate_stairs":6,"minecraft:end_stone":1,"minecraft:creeper_spawn_egg":6,"minecraft:redstone_torch":363,"minecraft:sticky_piston":257,"minecraft:blue_glazed_terracotta":15,"minecraft:lever":43,"minecraft:green_concrete":104,"minecraft:black_concrete":895,"minecraft:firework_rocket":67,"minecraft:daylight_detector":44,"minecraft:acacia_door":1,"minecraft:dark_oak_log":132,"minecraft:lime_carpet":41,"minecraft:heavy_weighted_pressure_plate":25,"minecraft:nether_sprouts":5,"minecraft:bread":33,"minecraft:barrier":496,"minecraft:brown_wool":65,"minecraft:string":112,"minecraft:iron_door":38,"minecraft:deepslate":8,"minecraft:prismarine_wall":197,"minecraft:stripped_warped_hyphae":151,"minecraft:dead_horn_coral_fan":1,"minecraft:stripped_oak_wood":95,"minecraft:grindstone":1,"minecraft:crimson_door":4,"minecraft:andesite":23,"minecraft:chain":118,"minecraft:mossy_cobblestone_wall":5,"minecraft:smooth_stone_slab":173,"minecraft:chest_minecart":11,"minecraft:white_concrete":86,"minecraft:coarse_dirt":63,"minecraft:warped_button":67,"minecraft:bone_meal":200,"minecraft:cobweb":10,"minecraft:experience_bottle":181,"minecraft:oak_fence":42,"minecraft:netherite_sword":652,"minecraft:jungle_leaves":114,"minecraft:rose_bush":4,"minecraft:flint_and_steel":524,"minecraft:redstone":2190,"minecraft:spruce_planks":295,"minecraft:ender_chest":46,"minecraft:dirt":1888,"minecraft:red_nether_brick_slab":566,"minecraft:white_carpet":18,"minecraft:hopper":249,"minecraft:prismarine_bricks":5,"minecraft:spruce_stairs":136,"minecraft:cobblestone_wall":42,"minecraft:oak_wood":23,"minecraft:pink_carpet":29,"minecraft:pink_dye":12,"minecraft:warped_pressure_plate":15,"minecraft:spruce_fence":77,"minecraft:light_blue_stained_glass":5,"minecraft:andesite_wall":12,"minecraft:stone_brick_slab":207,"minecraft:dark_oak_planks":552,"minecraft:yellow_stained_glass":99,"minecraft:oak_stairs":20,"minecraft:crimson_slab":9,"minecraft:red_candle":25,"minecraft:polished_blackstone_brick_stairs":58,"minecraft:crimson_planks":33,"minecraft:yellow_concrete_powder":54,"minecraft:black_stained_glass":19,"minecraft:dark_oak_pressure_plate":1,"minecraft:soul_soil":57,"minecraft:wolf_spawn_egg":1,"minecraft:lime_stained_glass":93,"minecraft:deepslate_tile_stairs":48,"minecraft:minecart":92,"minecraft:horn_coral_block":5,"minecraft:stone_pressure_plate":152,"minecraft:red_dye":30,"minecraft:enchanted_golden_apple":5,"minecraft:cobbled_deepslate_wall":3,"minecraft:quartz_bricks":124,"minecraft:acacia_boat":5,"minecraft:cobblestone_stairs":103,"minecraft:lodestone":10,"minecraft:snow_block":100,"minecraft:polished_andesite":25,"minecraft:red_nether_bricks":841,"minecraft:brown_mushroom":17,"minecraft:spruce_sign":50,"minecraft:beacon":6,"minecraft:stonecutter":5,"minecraft:red_glazed_terracotta":15,"minecraft:cobblestone_slab":66,"minecraft:warped_roots":6,"minecraft:polished_blackstone_pressure_plate":42,"minecraft:dark_prismarine_slab":12,"minecraft:lime_bed":5,"minecraft:yellow_stained_glass_pane":6,"minecraft:painting":13,"minecraft:warped_planks":40,"minecraft:nether_gold_ore":3,"minecraft:piston":66,"minecraft:flower_pot":6,"minecraft:activator_rail":44,"minecraft:black_wool":164,"minecraft:dead_fire_coral":1,"minecraft:command_block":2977,"minecraft:map":138,"minecraft:netherite_axe":176,"minecraft:detector_rail":48,"minecraft:stone_slab":143,"minecraft:purple_dye":20,"minecraft:yellow_wool":196,"minecraft:fishing_rod":193,"minecraft:crimson_fungus":20,"minecraft:stripped_crimson_hyphae":12,"minecraft:white_banner":19,"minecraft:bucket":97,"minecraft:jungle_door":2,"minecraft:red_banner":147,"minecraft:lapis_block":125,"minecraft:yellow_bed":11,"minecraft:polished_blackstone_button":142,"minecraft:sea_pickle":28,"minecraft:gray_wool":1,"minecraft:smooth_stone":107,"minecraft:splash_potion":218,"minecraft:birch_stairs":34,"minecraft:soul_torch":7},"minecraft:killed_by":{"minecraft:vindicator":3,"minecraft:player":84},"minecraft:mined":{"minecraft:fire":163,"minecraft:note_block":10,"minecraft:glass":1,"minecraft:repeater":5,"minecraft:lime_concrete":33,"minecraft:prismarine_brick_stairs":9,"minecraft:redstone_wire":1,"minecraft:polished_blackstone_button":2,"minecraft:trapped_chest":1,"minecraft:dark_oak_button":2,"minecraft:stone_pressure_plate":1,"minecraft:prismarine_wall":11,"minecraft:blue_concrete":4,"minecraft:smooth_stone":6,"minecraft:slime_block":1,"minecraft:tnt":3,"minecraft:dirt":15,"minecraft:magenta_wool":1,"minecraft:ladder":8,"minecraft:stripped_spruce_log":22,"minecraft:detector_rail":3,"minecraft:stone":60,"minecraft:orange_glazed_terracotta":9,"minecraft:red_concrete":2,"minecraft:blue_bed":1,"minecraft:birch_planks":3,"minecraft:yellow_bed":1,"minecraft:yellow_concrete":54},"minecraft:killed":{"minecraft:chicken":2,"minecraft:cat":29,"minecraft:parrot":2,"minecraft:salmon":29,"minecraft:zombie":14,"minecraft:cow":4,"minecraft:vindicator":15,"minecraft:zombified_piglin":2,"minecraft:pig":1,"minecraft:villager":4},"minecraft:dropped":{"minecraft:piston":1,"minecraft:oak_pressure_plate":4,"minecraft:diamond":4,"minecraft:crossbow":1,"minecraft:leather_helmet":2,"minecraft:item_frame":705,"minecraft:dirt":3,"minecraft:yellow_dye":2,"minecraft:tnt_minecart":2,"minecraft:chain":1,"minecraft:writable_book":20,"minecraft:gold_nugget":450,"minecraft:sunflower":17,"minecraft:cyan_carpet":12,"minecraft:compass":2,"minecraft:netherite_sword":3,"minecraft:oak_planks":1,"minecraft:glowstone_dust":97,"minecraft:warped_sign":14,"minecraft:yellow_stained_glass_pane":1,"minecraft:diorite_wall":1,"minecraft:hopper":1,"minecraft:leather_boots":2,"minecraft:ladder":1,"minecraft:leather_leggings":2,"minecraft:glass":2,"minecraft:lectern":1,"minecraft:enchanted_book":3,"minecraft:netherite_helmet":8,"minecraft:netherite_chestplate":1,"minecraft:barrier":1,"minecraft:iron_helmet":4,"minecraft:cobblestone":2,"minecraft:command_block":208,"minecraft:polished_blackstone_button":5,"minecraft:chainmail_helmet":2,"minecraft:coal":2,"minecraft:end_rod":2,"minecraft:dark_oak_leaves":1,"minecraft:heart_of_the_sea":1,"minecraft:red_dye":2,"minecraft:smooth_stone":840,"minecraft:paper":753,"minecraft:blue_carpet":12,"minecraft:netherite_hoe":2,"minecraft:player_head":90,"minecraft:netherite_ingot":6,"minecraft:sticky_piston":1,"minecraft:red_banner":1,"minecraft:iron_boots":2,"minecraft:blue_concrete":107,"minecraft:name_tag":2,"minecraft:oak_sign":1,"minecraft:cobblestone_slab":1,"minecraft:stone":67,"minecraft:shroomlight":3,"minecraft:redstone_torch":8,"minecraft:bow":2,"minecraft:magma_block":1,"minecraft:acacia_boat":16,"minecraft:birch_planks":1,"minecraft:orange_dye":1,"minecraft:oak_log":1,"minecraft:ender_pearl":2,"minecraft:chest_minecart":2,"minecraft:prismarine_brick_stairs":1,"minecraft:black_banner":1,"minecraft:cobblestone_stairs":1,"minecraft:polished_blackstone_pressure_plate":1,"minecraft:snowball":1,"minecraft:prismarine_brick_slab":1,"minecraft:blackstone":1,"minecraft:prismarine":1,"minecraft:leather_chestplate":2,"minecraft:gunpowder":1,"minecraft:chest":5,"minecraft:arrow":140,"minecraft:prismarine_wall":2,"minecraft:written_book":60,"minecraft:oak_leaves":1,"minecraft:splash_potion":1,"minecraft:firework_rocket":281,"minecraft:water_bucket":35,"minecraft:bread":256,"minecraft:golden_helmet":2,"minecraft:mossy_cobblestone":1,"minecraft:minecart":1,"minecraft:netherite_axe":4,"minecraft:grass_block":2,"minecraft:stick":252,"minecraft:milk_bucket":1,"minecraft:repeater":8,"minecraft:map":5,"minecraft:iron_leggings":2,"minecraft:bucket":1,"minecraft:redstone_block":67,"minecraft:redstone":3333,"minecraft:anvil":2,"minecraft:ender_chest":3,"minecraft:coarse_dirt":1,"minecraft:lime_concrete":66,"minecraft:comparator":2,"minecraft:ender_eye":1,"minecraft:prismarine_stairs":1,"minecraft:flint_and_steel":2,"minecraft:filled_map":41,"minecraft:shield":4,"minecraft:iron_chestplate":2,"minecraft:oak_boat":8,"minecraft:spruce_log":1,"minecraft:wooden_pickaxe":1},"minecraft:crafted":{"minecraft:tnt_minecart":4,"minecraft:leather_leggings":1,"minecraft:diamond":1,"minecraft:firework_star":15,"minecraft:leather_chestplate":1,"minecraft:leather_boots":1,"minecraft:oak_boat":1,"minecraft:firework_rocket":120},"minecraft:picked_up":{"minecraft:wooden_axe":1,"minecraft:iron_chestplate":4,"minecraft:anvil":1,"minecraft:stone_slab":265,"minecraft:lead":2,"minecraft:diamond_sword":2,"minecraft:acacia_pressure_plate":1,"minecraft:enchanted_book":2,"minecraft:birch_button":14,"minecraft:blue_concrete":154,"minecraft:string":12,"minecraft:red_nether_bricks":128,"minecraft:orange_glazed_terracotta":9,"minecraft:shroomlight":8,"minecraft:gold_nugget":1053,"minecraft:acacia_sign":15,"minecraft:written_book":110,"minecraft:crimson_sign":7,"minecraft:golden_helmet":7,"minecraft:crimson_pressure_plate":4,"minecraft:pink_carpet":23,"minecraft:warped_button":39,"minecraft:warped_pressure_plate":5,"minecraft:warped_planks":27,"minecraft:yellow_banner":7,"minecraft:command_block":144,"minecraft:lime_carpet":23,"minecraft:honey_bottle":96,"minecraft:light_blue_wool":16,"minecraft:blue_glazed_terracotta":5,"minecraft:iron_block":12,"minecraft:blue_dye":35,"minecraft:end_rod":5,"minecraft:netherite_chestplate":4,"minecraft:snowball":36,"minecraft:magma_block":1,"minecraft:iron_door":2,"minecraft:water_bucket":37,"minecraft:dark_oak_boat":4,"minecraft:map":5,"minecraft:netherite_leggings":3,"minecraft:lantern":13,"minecraft:dark_oak_sign":11,"minecraft:diamond_helmet":1,"minecraft:glowstone_dust":310,"minecraft:stripped_spruce_log":22,"minecraft:crimson_door":4,"minecraft:trapped_chest":5,"minecraft:quartz_bricks":1,"minecraft:lever":7,"minecraft:writable_book":36,"minecraft:bread":192,"minecraft:chainmail_helmet":2,"minecraft:cyan_dye":56,"minecraft:blue_banner":9,"minecraft:light_gray_carpet":2,"minecraft:crimson_roots":9,"minecraft:coarse_dirt":1,"minecraft:leather_leggings":6,"minecraft:red_bed":2,"minecraft:acacia_door":2,"minecraft:flint_and_steel":8,"minecraft:compass":259,"minecraft:netherite_sword":5,"minecraft:poppy":1,"minecraft:minecart":5,"minecraft:spruce_slab":7,"minecraft:chest":4,"minecraft:piston":2,"minecraft:stone":43,"minecraft:redstone":2239,"minecraft:red_nether_brick_wall":6,"minecraft:blue_carpet":15,"minecraft:tnt":6,"minecraft:peony":1,"minecraft:diamond_boots":1,"minecraft:warped_sign":63,"minecraft:rail":10,"minecraft:white_wool":2,"minecraft:oxeye_daisy":2,"minecraft:lime_bed":3,"minecraft:clock":258,"minecraft:tripwire_hook":14,"minecraft:yellow_dye":2,"minecraft:red_mushroom":3,"minecraft:filled_map":830,"minecraft:oak_log":1,"minecraft:lily_pad":17,"minecraft:blue_bed":3,"minecraft:paper":3523,"minecraft:white_banner":1,"minecraft:cobweb":91,"minecraft:glass_bottle":1,"minecraft:iron_sword":2,"minecraft:prismarine_brick_stairs":12,"minecraft:yellow_concrete":288,"minecraft:lime_concrete":158,"minecraft:leather_helmet":2,"minecraft:firework_rocket":5309,"minecraft:red_stained_glass":1,"minecraft:painting":3,"minecraft:birch_sign":2,"minecraft:warped_roots":5,"minecraft:oak_button":1,"minecraft:lodestone":259,"minecraft:hopper":1,"minecraft:ender_pearl":5,"minecraft:prismarine_stairs":2,"minecraft:black_carpet":2,"minecraft:redstone_block":3,"minecraft:ender_chest":2,"minecraft:iron_leggings":12,"minecraft:sticky_piston":25,"minecraft:armor_stand":65,"minecraft:experience_bottle":80,"minecraft:oak_sign":109,"minecraft:activator_rail":8,"minecraft:smooth_stone":34,"minecraft:comparator":3,"minecraft:bucket":2,"minecraft:light_weighted_pressure_plate":1,"minecraft:red_dye":2,"minecraft:redstone_torch":44,"minecraft:rose_bush":24,"minecraft:cobblestone_slab":1,"minecraft:ender_eye":2,"minecraft:smooth_quartz_stairs":4,"minecraft:iron_boots":3,"minecraft:tipped_arrow":54,"minecraft:stick":1138,"minecraft:jungle_door":4,"minecraft:torch":87,"minecraft:crimson_button":2,"minecraft:netherite_shovel":2,"minecraft:rotten_flesh":3,"minecraft:cobblestone":160,"minecraft:leather_chestplate":6,"minecraft:repeater":294,"minecraft:orange_carpet":21,"minecraft:acacia_boat":17,"minecraft:lapis_lazuli":45,"minecraft:dirt":1190,"minecraft:name_tag":1,"minecraft:leather_boots":6,"minecraft:glass":262,"minecraft:bone":7,"minecraft:acacia_planks":1,"minecraft:bow":4,"minecraft:wheat_seeds":5,"minecraft:bell":2,"minecraft:light_blue_dye":33,"minecraft:netherite_axe":3,"minecraft:powered_rail":98,"minecraft:prismarine":1,"minecraft:oak_planks":252,"minecraft:lime_glazed_terracotta":6,"minecraft:diorite_wall":1,"minecraft:music_disc_13":2,"minecraft:oak_pressure_plate":9,"minecraft:black_stained_glass_pane":185,"minecraft:grass_block":3,"minecraft:diamond_block":1,"minecraft:mossy_cobblestone":1,"minecraft:yellow_carpet":26,"minecraft:diamond":130,"minecraft:slime_block":1,"minecraft:netherite_helmet":10,"minecraft:soul_lantern":1,"minecraft:yellow_stained_glass_pane":1,"minecraft:polished_blackstone_button":44,"minecraft:bone_meal":5,"minecraft:crossbow":9,"minecraft:spruce_sign":8,"minecraft:oak_leaves":1,"minecraft:fishing_rod":7,"minecraft:azure_bluet":2,"minecraft:splash_potion":11,"minecraft:ladder":11,"minecraft:turtle_helmet":7,"minecraft:chest_minecart":4,"minecraft:brown_mushroom":73,"minecraft:wooden_pickaxe":6,"minecraft:gold_block":1,"minecraft:chain":12,"minecraft:shield":8,"minecraft:wooden_sword":9,"minecraft:quartz_slab":7,"minecraft:item_frame":1098,"minecraft:blackstone":1,"minecraft:magenta_wool":1,"minecraft:cyan_carpet":15,"minecraft:detector_rail":28,"minecraft:oak_boat":788,"minecraft:player_head":475,"minecraft:lectern":1,"minecraft:orange_dye":1,"minecraft:note_block":10,"minecraft:stone_button":14,"minecraft:stone_pressure_plate":480,"minecraft:dark_oak_planks":1,"minecraft:arrow":979,"minecraft:weeping_vines":256,"minecraft:black_banner":6,"minecraft:saddle":3,"minecraft:skeleton_skull":1,"minecraft:netherite_boots":2,"minecraft:dark_oak_button":2,"minecraft:music_disc_stal":5,"minecraft:birch_planks":4,"minecraft:crimson_fungus":1,"minecraft:yellow_glazed_terracotta":5,"minecraft:yellow_bed":2,"minecraft:gunpowder":1,"minecraft:cobblestone_stairs":1,"minecraft:red_carpet":24,"minecraft:red_nether_brick_stairs":39,"minecraft:gray_carpet":1,"minecraft:heart_of_the_sea":262,"minecraft:prismarine_brick_slab":1,"minecraft:scaffolding":2,"minecraft:warped_fungus":5,"minecraft:dandelion":2,"minecraft:red_banner":12,"minecraft:soul_torch":1,"minecraft:blast_furnace":1,"minecraft:dark_oak_fence_gate":1,"minecraft:green_carpet":17,"minecraft:stripped_jungle_log":6,"minecraft:lime_banner":2,"minecraft:prismarine_wall":8,"minecraft:iron_helmet":6,"minecraft:netherite_hoe":9,"minecraft:red_concrete":132,"minecraft:sunflower":13},"minecraft:broken":{"minecraft:wooden_pickaxe":3,"minecraft:iron_helmet":1}},"DataVersion":2724}