{"stats":{"minecraft:picked_up":{"minecraft:clock":1,"minecraft:paper":1,"minecraft:purple_carpet":1,"minecraft:item_frame":2,"minecraft:glass":1,"minecraft:redstone_torch":1,"minecraft:lever":2},"minecraft:used":{"minecraft:crimson_stem":4,"minecraft:mossy_stone_bricks":5,"minecraft:water_bucket":22,"minecraft:warped_stem":19,"minecraft:spruce_door":1,"minecraft:armor_stand":5,"minecraft:spruce_slab":2,"minecraft:redstone":5,"minecraft:lime_wool":31,"minecraft:cartography_table":1,"minecraft:black_carpet":72,"minecraft:quartz_stairs":75,"minecraft:stonecutter":2,"minecraft:dirt":13,"minecraft:stripped_dark_oak_log":47,"minecraft:vine":7,"minecraft:dark_prismarine_slab":15,"minecraft:twisting_vines":11,"minecraft:jungle_planks":48,"minecraft:spruce_stairs":66,"minecraft:jungle_slab":56,"minecraft:cod_bucket":2,"minecraft:yellow_carpet":2,"minecraft:chiseled_quartz_block":15,"minecraft:salmon_bucket":3,"minecraft:pink_carpet":18,"minecraft:magenta_carpet":176,"minecraft:warped_planks":2,"minecraft:light_blue_stained_glass":56,"minecraft:spruce_log":61,"minecraft:dark_oak_door":5,"minecraft:stripped_spruce_log":10,"minecraft:redstone_torch":12,"minecraft:purple_stained_glass_pane":9,"minecraft:dark_prismarine":15,"minecraft:lever":3,"minecraft:quartz_pillar":18,"minecraft:command_block":8,"minecraft:red_wool":469,"minecraft:grass_block":35,"minecraft:map":4,"minecraft:green_wool":17,"minecraft:warped_nylium":26,"minecraft:jungle_stairs":39,"minecraft:dark_oak_leaves":30,"minecraft:dark_oak_slab":9,"minecraft:spruce_trapdoor":13,"minecraft:smooth_quartz":290,"minecraft:spruce_sapling":4,"minecraft:stone_bricks":23,"minecraft:item_frame":4,"minecraft:bamboo":20,"minecraft:nether_wart_block":27,"minecraft:red_carpet":14,"minecraft:repeater":1,"minecraft:redstone_lamp":4,"minecraft:hay_block":27,"minecraft:red_banner":4,"minecraft:stripped_oak_log":20,"minecraft:purple_carpet":73,"minecraft:kelp":3,"minecraft:acacia_planks":6,"minecraft:bone_meal":20,"minecraft:dark_prismarine_stairs":6,"minecraft:soul_torch":4},"minecraft:dropped":{"minecraft:clock":1,"minecraft:item_frame":2,"minecraft:glass":1,"minecraft:paper":1},"minecraft:custom":{"minecraft:interact_with_anvil":3,"minecraft:interact_with_cartography_table":1,"minecraft:play_one_minute":99124,"minecraft:leave_game":3,"minecraft:time_since_death":563,"minecraft:climb_one_cm":194,"minecraft:time_since_rest":594,"minecraft:sprint_one_cm":94419,"minecraft:damage_taken":310,"minecraft:walk_one_cm":328379,"minecraft:drop":5,"minecraft:damage_dealt":121,"minecraft:fly_one_cm":519733,"minecraft:open_chest":4,"minecraft:crouch_one_cm":1633,"minecraft:deaths":4,"minecraft:sneak_time":1704,"minecraft:jump":781,"minecraft:walk_on_water_one_cm":74,"minecraft:fall_one_cm":3239,"minecraft:inspect_dispenser":7}},"DataVersion":2586}