{"stats":{"minecraft:dropped":{"minecraft:water_bucket":2,"minecraft:oak_sign":1,"minecraft:grass_block":1,"minecraft:redstone":1},"minecraft:custom":{"minecraft:time_since_rest":2885,"minecraft:sprint_one_cm":21053,"minecraft:damage_taken":2720,"minecraft:walk_one_cm":36351,"minecraft:trigger_trapped_chest":1,"minecraft:drop":5,"minecraft:inspect_hopper":1,"minecraft:fly_one_cm":259136,"minecraft:crouch_one_cm":7651,"minecraft:play_one_minute":33180,"minecraft:deaths":5,"minecraft:sneak_time":2668,"minecraft:walk_under_water_one_cm":400,"minecraft:aviate_one_cm":670562,"minecraft:jump":70,"minecraft:leave_game":1,"minecraft:time_since_death":2851,"minecraft:walk_on_water_one_cm":1453,"minecraft:damage_resisted":1996,"minecraft:fall_one_cm":26880,"minecraft:inspect_dispenser":1},"minecraft:picked_up":{"minecraft:paper":1,"minecraft:oak_sign":1,"minecraft:oak_boat":1},"minecraft:used":{"minecraft:dark_oak_planks":299,"minecraft:stone_brick_slab":52,"minecraft:dark_oak_stairs":60,"minecraft:water_bucket":5,"minecraft:firework_rocket":3,"minecraft:birch_planks":23,"minecraft:grass_block":1,"minecraft:redstone":1,"minecraft:stone":71,"minecraft:dark_oak_slab":24,"minecraft:smooth_quartz":1,"minecraft:stone_brick_stairs":67,"minecraft:stone_bricks":126,"minecraft:bedrock":2,"minecraft:white_wool":154,"minecraft:dark_oak_fence":28,"minecraft:bucket":4,"minecraft:glass_pane":14,"minecraft:oak_boat":2,"minecraft:stone_brick_wall":18,"minecraft:coarse_dirt":2,"minecraft:spruce_log":158,"minecraft:dark_oak_door":1}},"DataVersion":2586}