{"stats":{"minecraft:mined":{"minecraft:red_carpet":1,"minecraft:red_bed":1,"minecraft:spruce_wall_sign":3,"minecraft:cobblestone":5,"minecraft:blue_bed":1,"minecraft:polished_blackstone_button":3,"minecraft:fire":19,"minecraft:lime_concrete":11},"minecraft:crafted":{"minecraft:mojang_banner_pattern":1,"minecraft:shield":7},"minecraft:killed_by":{"minecraft:player":7},"minecraft:picked_up":{"minecraft:repeater":3,"minecraft:iron_door":1,"minecraft:enchanted_book":4,"minecraft:shield":10,"minecraft:paper":8,"minecraft:item_frame":68,"minecraft:oak_sign":2,"minecraft:netherite_sword":1,"minecraft:oak_boat":2,"minecraft:enchanted_golden_apple":42,"minecraft:crimson_sign":7,"minecraft:mojang_banner_pattern":1,"minecraft:red_banner":60,"minecraft:redstone":76,"minecraft:netherite_pickaxe":1,"minecraft:firework_rocket":64,"minecraft:polished_blackstone_button":2,"minecraft:lever":6,"minecraft:golden_apple":11,"minecraft:spruce_sign":4,"minecraft:cobblestone":5},"minecraft:custom":{"minecraft:interact_with_anvil":9,"minecraft:interact_with_crafting_table":4,"minecraft:play_one_minute":278011,"minecraft:interact_with_loom":5,"minecraft:leave_game":4,"minecraft:time_since_death":2343,"minecraft:damage_resisted":932,"minecraft:climb_one_cm":2044,"minecraft:time_since_rest":2377,"minecraft:walk_one_cm":602934,"minecraft:sprint_one_cm":270135,"minecraft:damage_taken":10553,"minecraft:damage_absorbed":2037,"minecraft:damage_blocked_by_shield":5143,"minecraft:trigger_trapped_chest":1,"minecraft:drop":64,"minecraft:damage_dealt":6747,"minecraft:swim_one_cm":60513,"minecraft:fly_one_cm":776874,"minecraft:player_kills":22,"minecraft:open_chest":39,"minecraft:crouch_one_cm":36963,"minecraft:deaths":29,"minecraft:sneak_time":15033,"minecraft:walk_under_water_one_cm":30781,"minecraft:aviate_one_cm":832888,"minecraft:jump":1476,"minecraft:walk_on_water_one_cm":21147,"minecraft:fall_one_cm":59855,"minecraft:inspect_dispenser":11},"minecraft:used":{"minecraft:water_bucket":71,"minecraft:netherite_sword":213,"minecraft:end_rod":6,"minecraft:cobblestone_stairs":6,"minecraft:orange_concrete":29,"minecraft:flint_and_steel":25,"minecraft:red_concrete":265,"minecraft:spruce_slab":1,"minecraft:redstone":31,"minecraft:polished_andesite":2,"minecraft:oak_planks":101,"minecraft:ladder":2,"minecraft:oak_sign":3,"minecraft:chest":1,"minecraft:ender_pearl":3,"minecraft:wooden_pickaxe":11,"minecraft:spruce_planks":269,"minecraft:shield":115,"minecraft:white_terracotta":36,"minecraft:iron_sword":5,"minecraft:stone":112,"minecraft:spruce_sign":5,"minecraft:netherrack":1,"minecraft:tube_coral":2,"minecraft:pink_concrete":1,"minecraft:debug_stick":112,"minecraft:golden_apple":6,"minecraft:dark_oak_trapdoor":28,"minecraft:dirt":9,"minecraft:anvil":3,"minecraft:yellow_terracotta":14,"minecraft:loom":1,"minecraft:light_blue_concrete":2,"minecraft:red_bed":2,"minecraft:crafting_table":2,"minecraft:crimson_trapdoor":2,"minecraft:jungle_planks":1,"minecraft:light_blue_wool":2,"minecraft:yellow_concrete":149,"minecraft:cobblestone_wall":13,"minecraft:blue_ice":4,"minecraft:blackstone_wall":24,"minecraft:black_bed":1,"minecraft:stone_brick_wall":70,"minecraft:firework_rocket":14,"minecraft:sticky_piston":58,"minecraft:black_wool":526,"minecraft:black_concrete":58,"minecraft:lever":16,"minecraft:honey_block":27,"minecraft:red_sandstone":194,"minecraft:lava_bucket":29,"minecraft:bricks":80,"minecraft:dark_oak_log":15,"minecraft:black_stained_glass_pane":7,"minecraft:quartz_slab":44,"minecraft:iron_block":2,"minecraft:lantern":7,"minecraft:grass_block":123,"minecraft:stone_button":2,"minecraft:netherite_axe":17,"minecraft:stone_slab":11,"minecraft:red_terracotta":109,"minecraft:dark_oak_slab":233,"minecraft:spruce_trapdoor":49,"minecraft:smooth_quartz":45,"minecraft:pink_wool":46,"minecraft:bedrock":156,"minecraft:yellow_wool":15,"minecraft:item_frame":20,"minecraft:crimson_sign":10,"minecraft:yellow_concrete_powder":12,"minecraft:fishing_rod":2,"minecraft:repeater":14,"minecraft:cobblestone":44,"minecraft:crimson_stairs":1,"minecraft:crimson_door":3,"minecraft:pink_stained_glass":94,"minecraft:gold_block":11,"minecraft:netherite_pickaxe":5,"minecraft:white_stained_glass":29,"minecraft:red_banner":224,"minecraft:bucket":96,"minecraft:glass_pane":44,"minecraft:yellow_bed":4,"minecraft:oak_boat":3,"minecraft:polished_blackstone_button":4,"minecraft:horn_coral_block":6,"minecraft:white_concrete":142,"minecraft:cooked_beef":6,"minecraft:coarse_dirt":7,"minecraft:enchanted_golden_apple":12,"minecraft:smooth_stone":1,"minecraft:splash_potion":3},"minecraft:dropped":{"minecraft:enchanted_book":4,"minecraft:water_bucket":10,"minecraft:netherite_pickaxe":2,"minecraft:cooked_beef":64,"minecraft:ender_pearl":1,"minecraft:red_sandstone":1,"minecraft:netherite_helmet":1,"minecraft:red_banner":4,"minecraft:cobblestone":5,"minecraft:iron_helmet":1,"minecraft:iron_boots":1,"minecraft:enchanted_golden_apple":25,"minecraft:debug_stick":1,"minecraft:polished_blackstone_button":1,"minecraft:elytra":1,"minecraft:golden_apple":58,"minecraft:diamond_sword":1,"minecraft:shield":7,"minecraft:mojang_banner_pattern":1,"minecraft:iron_chestplate":1,"minecraft:tnt_minecart":1,"minecraft:iron_leggings":1,"minecraft:arrow":10,"minecraft:paper":3,"minecraft:redstone":64}},"DataVersion":2586}