{"stats":{"minecraft:killed_by":{"minecraft:player":10},"minecraft:picked_up":{"minecraft:netherite_boots":1,"minecraft:leather_chestplate":1,"minecraft:crimson_button":2,"minecraft:shield":1,"minecraft:netherite_leggings":1,"minecraft:paper":2,"minecraft:netherite_helmet":1,"minecraft:netherite_sword":2,"minecraft:netherite_axe":1,"minecraft:bread":87,"minecraft:netherite_chestplate":1},"minecraft:dropped":{"minecraft:water_bucket":1,"minecraft:shield":1,"minecraft:netherite_sword":1,"minecraft:netherite_helmet":2,"minecraft:netherite_chestplate":2,"minecraft:netherite_boots":2,"minecraft:netherite_leggings":2},"minecraft:used":{"minecraft:crimson_button":1,"minecraft:netherite_sword":99,"minecraft:water_bucket":18,"minecraft:bread":14,"minecraft:barrier":79,"minecraft:netherite_axe":15,"minecraft:shield":133,"minecraft:stone_bricks":2,"minecraft:bedrock":127,"minecraft:torch":54,"minecraft:fishing_rod":8,"minecraft:dirt":1,"minecraft:bucket":15,"minecraft:crimson_pressure_plate":7},"minecraft:custom":{"minecraft:time_since_rest":7476,"minecraft:sprint_one_cm":78974,"minecraft:damage_taken":7678,"minecraft:walk_one_cm":114952,"minecraft:damage_blocked_by_shield":3561,"minecraft:drop":11,"minecraft:damage_dealt":6825,"minecraft:swim_one_cm":3758,"minecraft:fly_one_cm":242377,"minecraft:player_kills":21,"minecraft:open_chest":1,"minecraft:crouch_one_cm":2258,"minecraft:play_one_minute":40361,"minecraft:deaths":13,"minecraft:sneak_time":709,"minecraft:walk_under_water_one_cm":4335,"minecraft:jump":470,"minecraft:leave_game":1,"minecraft:time_since_death":7451,"minecraft:walk_on_water_one_cm":9339,"minecraft:climb_one_cm":336,"minecraft:fall_one_cm":28012,"minecraft:inspect_dispenser":3}},"DataVersion":2586}