{"stats":{"minecraft:used":{"minecraft:water_bucket":6,"minecraft:grass_block":1,"minecraft:bucket":5},"minecraft:custom":{"minecraft:time_since_rest":8273,"minecraft:open_chest":1,"minecraft:play_one_minute":16958,"minecraft:crouch_one_cm":811,"minecraft:walk_one_cm":20609,"minecraft:sprint_one_cm":12887,"minecraft:damage_taken":8689,"minecraft:deaths":11,"minecraft:sneak_time":406,"minecraft:interact_with_anvil":1,"minecraft:drop":2,"minecraft:aviate_one_cm":723179,"minecraft:jump":60,"minecraft:leave_game":1,"minecraft:time_since_death":8219,"minecraft:walk_on_water_one_cm":844,"minecraft:damage_resisted":1855,"minecraft:fall_one_cm":96424,"minecraft:fly_one_cm":182855,"minecraft:inspect_dispenser":1},"minecraft:dropped":{"minecraft:water_bucket":2},"minecraft:picked_up":{"minecraft:paper":1}},"DataVersion":2586}