{"stats":{"minecraft:custom":{"minecraft:time_since_rest":20971,"minecraft:play_one_minute":28486,"minecraft:crouch_one_cm":3770,"minecraft:walk_one_cm":33357,"minecraft:sprint_one_cm":18052,"minecraft:damage_taken":770,"minecraft:deaths":3,"minecraft:sneak_time":1327,"minecraft:trigger_trapped_chest":2,"minecraft:walk_under_water_one_cm":58,"minecraft:drop":32,"minecraft:aviate_one_cm":498857,"minecraft:jump":120,"minecraft:leave_game":1,"minecraft:time_since_death":20970,"minecraft:walk_on_water_one_cm":927,"minecraft:damage_resisted":5072,"minecraft:fall_one_cm":42513,"minecraft:fly_one_cm":154762},"minecraft:mined":{"minecraft:lily_pad":1},"minecraft:used":{"minecraft:water_bucket":4,"minecraft:firework_rocket":2,"minecraft:birch_planks":10,"minecraft:bucket":4,"minecraft:oak_sign":2,"minecraft:polished_blackstone_button":1,"minecraft:iron_door":2},"minecraft:dropped":{"minecraft:water_bucket":1,"minecraft:birch_planks":379},"minecraft:picked_up":{"minecraft:polished_blackstone_button":1,"minecraft:lily_pad":3}},"DataVersion":2586}