{"stats":{"minecraft:used":{"minecraft:oak_fence":4,"minecraft:water_bucket":4,"minecraft:dark_oak_stairs":330,"minecraft:dark_oak_planks":27,"minecraft:netherite_sword":1,"minecraft:diamond_shovel":6,"minecraft:cobblestone_stairs":1,"minecraft:rose_bush":8,"minecraft:firework_rocket":4,"minecraft:spruce_door":2,"minecraft:dark_oak_log":62,"minecraft:birch_planks":46,"minecraft:grass_block":3,"minecraft:oak_stairs":8,"minecraft:spruce_slab":1,"minecraft:stone_button":15,"minecraft:slime_block":14,"minecraft:oak_sign":1,"minecraft:netherite_axe":1,"minecraft:cyan_concrete":1,"minecraft:dark_oak_slab":16,"minecraft:brown_mushroom":1,"minecraft:spruce_sapling":2,"minecraft:gravel":5,"minecraft:diamond_axe":1,"minecraft:cobblestone":87,"minecraft:dark_oak_fence":43,"minecraft:bucket":4,"minecraft:crossbow":63,"minecraft:stripped_oak_log":44,"minecraft:spruce_fence":5,"minecraft:bone_meal":19},"minecraft:dropped":{"minecraft:water_bucket":2,"minecraft:birch_planks":58,"minecraft:brown_mushroom":1,"minecraft:shield":1,"minecraft:netherite_sword":2,"minecraft:netherite_axe":3,"minecraft:gold_nugget":1,"minecraft:glowstone_dust":5,"minecraft:oak_sign":3,"minecraft:redstone":5},"minecraft:picked_up":{"minecraft:brown_mushroom":2,"minecraft:redstone":2,"minecraft:oak_sign":4,"minecraft:slime_block":2,"minecraft:gold_nugget":1,"minecraft:netherite_sword":1,"minecraft:rose_bush":13,"minecraft:netherite_axe":2,"minecraft:glowstone_dust":5},"minecraft:mined":{"minecraft:fire":5,"minecraft:oak_sign":1,"minecraft:rose_bush":8,"minecraft:slime_block":1},"minecraft:custom":{"minecraft:time_since_rest":20513,"minecraft:sprint_one_cm":164969,"minecraft:damage_taken":12204,"minecraft:walk_one_cm":272229,"minecraft:trigger_trapped_chest":3,"minecraft:drop":27,"minecraft:damage_dealt":1144,"minecraft:fly_one_cm":392683,"minecraft:crouch_one_cm":42781,"minecraft:play_one_minute":121354,"minecraft:deaths":7,"minecraft:sneak_time":12895,"minecraft:walk_under_water_one_cm":1526,"minecraft:aviate_one_cm":466973,"minecraft:jump":901,"minecraft:leave_game":1,"minecraft:walk_on_water_one_cm":7301,"minecraft:time_since_death":20481,"minecraft:climb_one_cm":1529,"minecraft:damage_resisted":6228,"minecraft:fall_one_cm":195184}},"DataVersion":2586}