{"stats":{"minecraft:killed_by":{"minecraft:player":2},"minecraft:picked_up":{"minecraft:repeater":5,"minecraft:water_bucket":2,"minecraft:pink_wool":1,"minecraft:potion":2,"minecraft:shield":2,"minecraft:dirt":2,"minecraft:string":8,"minecraft:paper":1723,"minecraft:oak_sign":2,"minecraft:dark_oak_leaves":1,"minecraft:spruce_planks":58,"minecraft:jungle_planks":10,"minecraft:grass_block":2,"minecraft:redstone":1,"minecraft:coal_ore":1,"minecraft:netherite_helmet":1,"minecraft:diamond_axe":2,"minecraft:bread":9,"minecraft:netherite_chestplate":1,"minecraft:white_wool":1},"minecraft:used":{"minecraft:water_bucket":8,"minecraft:red_concrete":2,"minecraft:redstone":1,"minecraft:blue_wool":11,"minecraft:spruce_planks":74,"minecraft:chest":1,"minecraft:shield":193,"minecraft:white_terracotta":257,"minecraft:diamond_axe":204,"minecraft:white_wool":38,"minecraft:golden_apple":21,"minecraft:dirt":6,"minecraft:jungle_planks":325,"minecraft:crimson_hyphae":7,"minecraft:lingering_potion":1,"minecraft:cyan_wool":126,"minecraft:brown_terracotta":77,"minecraft:black_wool":8,"minecraft:firework_rocket":2,"minecraft:red_wool":8,"minecraft:grass_block":49,"minecraft:iron_axe":34,"minecraft:bread":19,"minecraft:dark_oak_leaves":22,"minecraft:pink_wool":2,"minecraft:stone_bricks":1,"minecraft:bedrock":10,"minecraft:light_gray_wool":3,"minecraft:diamond_sword":50,"minecraft:white_stained_glass":1,"minecraft:bucket":6,"minecraft:glass_pane":2,"minecraft:splash_potion":4,"minecraft:cobweb":20},"minecraft:dropped":{"minecraft:water_bucket":1,"minecraft:bread":9,"minecraft:diamond_axe":2,"minecraft:netherite_chestplate":1,"minecraft:netherite_helmet":1,"minecraft:oak_sign":1,"minecraft:grass_block":1,"minecraft:cobweb":44,"minecraft:spruce_planks":1,"minecraft:coal_ore":1,"minecraft:pink_wool":1,"minecraft:potion":2,"minecraft:string":8,"minecraft:white_wool":1},"minecraft:custom":{"minecraft:interact_with_anvil":5,"minecraft:play_one_minute":109994,"minecraft:leave_game":4,"minecraft:time_since_death":1170,"minecraft:climb_one_cm":402,"minecraft:time_since_rest":1201,"minecraft:sprint_one_cm":173135,"minecraft:damage_absorbed":711,"minecraft:damage_taken":6178,"minecraft:walk_one_cm":327413,"minecraft:damage_blocked_by_shield":3393,"minecraft:trigger_trapped_chest":2,"minecraft:drop":31,"minecraft:damage_dealt":6142,"minecraft:swim_one_cm":9327,"minecraft:fly_one_cm":530055,"minecraft:player_kills":17,"minecraft:open_chest":7,"minecraft:crouch_one_cm":12405,"minecraft:deaths":12,"minecraft:sneak_time":6642,"minecraft:walk_under_water_one_cm":148,"minecraft:aviate_one_cm":245801,"minecraft:jump":1052,"minecraft:walk_on_water_one_cm":5072,"minecraft:inspect_dispenser":23,"minecraft:fall_one_cm":30166},"minecraft:mined":{"minecraft:spruce_planks":58,"minecraft:grass_block":2,"minecraft:jungle_planks":12,"minecraft:white_stained_glass":1,"minecraft:cobweb":6},"minecraft:crafted":{"minecraft:jungle_planks":512}},"DataVersion":2586}