{"stats":{"minecraft:used":{"minecraft:oak_log":7,"minecraft:glass":3,"minecraft:water_bucket":4,"minecraft:black_stained_glass_pane":39,"minecraft:orange_concrete":91,"minecraft:red_stained_glass":16,"minecraft:cut_red_sandstone_slab":9,"minecraft:red_wool":74,"minecraft:yellow_stained_glass":16,"minecraft:iron_block":21,"minecraft:grass_block":46,"minecraft:oak_stairs":50,"minecraft:bread":4,"minecraft:barrier":3,"minecraft:brown_wool":186,"minecraft:lime_wool":301,"minecraft:green_wool":32,"minecraft:oak_sign":2,"minecraft:ender_pearl":6,"minecraft:chest":1,"minecraft:white_terracotta":70,"minecraft:sandstone":21,"minecraft:smooth_quartz":100,"minecraft:pink_wool":10,"minecraft:yellow_wool":271,"minecraft:white_wool":26,"minecraft:cobblestone":37,"minecraft:coal_block":2,"minecraft:dirt":6,"minecraft:lime_concrete":1,"minecraft:stripped_oak_wood":164,"minecraft:light_blue_wool":13,"minecraft:orange_wool":195,"minecraft:experience_bottle":433},"minecraft:dropped":{"minecraft:dirt":1,"minecraft:light_blue_wool":1,"minecraft:yellow_wool":1,"minecraft:lime_wool":1,"minecraft:warped_button":1,"minecraft:sandstone":1,"minecraft:yellow_stained_glass":1,"minecraft:paper":3,"minecraft:white_wool":1,"minecraft:orange_stained_glass":1},"minecraft:custom":{"minecraft:time_since_rest":20275,"minecraft:sprint_one_cm":34007,"minecraft:damage_taken":70,"minecraft:walk_one_cm":107528,"minecraft:interact_with_anvil":9,"minecraft:drop":12,"minecraft:damage_dealt":10,"minecraft:fly_one_cm":1119651,"minecraft:open_chest":18,"minecraft:play_one_minute":149021,"minecraft:crouch_one_cm":3320,"minecraft:deaths":1,"minecraft:sneak_time":4236,"minecraft:jump":330,"minecraft:leave_game":1,"minecraft:walk_on_water_one_cm":373,"minecraft:time_since_death":20201,"minecraft:climb_one_cm":2369,"minecraft:fall_one_cm":1442,"minecraft:inspect_dispenser":16},"minecraft:picked_up":{"minecraft:warped_button":1,"minecraft:dirt":1,"minecraft:paper":36,"minecraft:oak_sign":1,"minecraft:bread":2}},"DataVersion":2586}