{"stats":{"minecraft:killed":{"minecraft:cat":4},"minecraft:picked_up":{"minecraft:water_bucket":7,"minecraft:brown_mushroom":1,"minecraft:chiseled_quartz_block":1,"minecraft:elytra":1,"minecraft:armor_stand":1,"minecraft:rose_bush":13,"minecraft:player_head":1,"minecraft:glowstone_dust":6,"minecraft:dark_oak_door":1,"minecraft:scaffolding":35,"minecraft:red_banner":1,"minecraft:warped_button":1,"minecraft:polished_blackstone_button":4},"minecraft:used":{"minecraft:trident":29,"minecraft:water_bucket":3,"minecraft:netherite_sword":12,"minecraft:rose_bush":1,"minecraft:cobblestone_stairs":1,"minecraft:spruce_door":1,"minecraft:flint_and_steel":3,"minecraft:birch_planks":46,"minecraft:armor_stand":2,"minecraft:spruce_slab":3,"minecraft:redstone":7,"minecraft:ender_pearl":22,"minecraft:spruce_planks":113,"minecraft:stone":5,"minecraft:redstone_block":17,"minecraft:quartz_stairs":3,"minecraft:player_head":7,"minecraft:smooth_quartz_stairs":4,"minecraft:dark_oak_trapdoor":9,"minecraft:diamond_block":8,"minecraft:dirt":14,"minecraft:anvil":1,"minecraft:infested_chiseled_stone_bricks":4,"minecraft:spruce_stairs":76,"minecraft:yellow_concrete":3,"minecraft:chiseled_quartz_block":2,"minecraft:stone_brick_wall":5,"minecraft:spruce_log":16,"minecraft:dark_oak_door":2,"minecraft:oak_log":1,"minecraft:sticky_piston":30,"minecraft:dark_oak_planks":124,"minecraft:stone_brick_slab":21,"minecraft:piston":5,"minecraft:lava_bucket":4,"minecraft:quartz_pillar":1,"minecraft:daylight_detector":1,"minecraft:gray_stained_glass_pane":16,"minecraft:command_block":36,"minecraft:grass_block":53,"minecraft:slime_block":2,"minecraft:string":2,"minecraft:netherite_axe":6,"minecraft:warped_nylium":2,"minecraft:dark_oak_slab":46,"minecraft:spruce_trapdoor":2,"minecraft:smooth_quartz":1,"minecraft:cat_spawn_egg":4,"minecraft:stone_brick_stairs":88,"minecraft:stone_bricks":80,"minecraft:birch_trapdoor":2,"minecraft:repeater":24,"minecraft:bow":24,"minecraft:scaffolding":160,"minecraft:red_banner":3,"minecraft:bucket":3,"minecraft:glass_pane":2,"minecraft:polished_blackstone_button":4,"minecraft:coarse_dirt":23,"minecraft:warped_button":21,"minecraft:enchanted_golden_apple":2,"minecraft:bone_meal":18,"minecraft:experience_bottle":24},"minecraft:killed_by":{"minecraft:player":3},"minecraft:dropped":{"minecraft:water_bucket":6,"minecraft:birch_planks":55,"minecraft:chiseled_quartz_block":1,"minecraft:netherite_sword":1,"minecraft:netherite_axe":1,"minecraft:glowstone_dust":6,"minecraft:gold_nugget":30,"minecraft:red_tulip":1,"minecraft:redstone":1},"minecraft:custom":{"minecraft:inspect_dropper":1,"minecraft:interact_with_anvil":2,"minecraft:mob_kills":4,"minecraft:inspect_hopper":1,"minecraft:play_one_minute":241514,"minecraft:leave_game":5,"minecraft:time_since_death":80499,"minecraft:damage_resisted":6794,"minecraft:climb_one_cm":13248,"minecraft:time_since_rest":80526,"minecraft:sprint_one_cm":187161,"minecraft:walk_one_cm":254138,"minecraft:damage_taken":17325,"minecraft:damage_absorbed":320,"minecraft:drop":48,"minecraft:damage_dealt":2344,"minecraft:fly_one_cm":1108461,"minecraft:player_kills":1,"minecraft:open_chest":1,"minecraft:crouch_one_cm":18071,"minecraft:deaths":65,"minecraft:sneak_time":8554,"minecraft:aviate_one_cm":174884,"minecraft:jump":1328,"minecraft:walk_on_water_one_cm":2578,"minecraft:fall_one_cm":234307}},"DataVersion":2586}