{"stats":{"minecraft:killed_by":{"minecraft:player":3},"minecraft:picked_up":{"minecraft:paper":6,"minecraft:item_frame":64,"minecraft:mutton":4,"minecraft:white_wool":2},"minecraft:used":{"minecraft:sticky_piston":3,"minecraft:glass":22,"minecraft:netherite_sword":3,"minecraft:lever":3,"minecraft:water_bucket":92,"minecraft:end_rod":1,"minecraft:quartz_pillar":23,"minecraft:smooth_quartz_slab":29,"minecraft:iron_block":1,"minecraft:grass_block":2,"minecraft:oak_stairs":3,"minecraft:slime_block":7,"minecraft:polished_andesite":3,"minecraft:brown_wool":5,"minecraft:lime_wool":15,"minecraft:ladder":11,"minecraft:oak_sign":1,"minecraft:blue_wool":15,"minecraft:spruce_planks":52,"minecraft:white_terracotta":66,"minecraft:iron_door":2,"minecraft:sheep_spawn_egg":2,"minecraft:pink_wool":23,"minecraft:stone_bricks":18,"minecraft:item_frame":8,"minecraft:white_wool":97,"minecraft:light_blue_concrete":16,"minecraft:oak_slab":44,"minecraft:light_blue_wool":51,"minecraft:oak_boat":2,"minecraft:smooth_stone_slab":258,"minecraft:gray_concrete":20,"minecraft:observer":6},"minecraft:killed":{"minecraft:sheep":2},"minecraft:dropped":{"minecraft:paper":3},"minecraft:custom":{"minecraft:time_since_rest":558,"minecraft:sprint_one_cm":39198,"minecraft:damage_taken":849,"minecraft:walk_one_cm":133670,"minecraft:interact_with_anvil":3,"minecraft:mob_kills":2,"minecraft:drop":3,"minecraft:damage_dealt":170,"minecraft:swim_one_cm":310,"minecraft:fly_one_cm":225906,"minecraft:open_chest":4,"minecraft:play_one_minute":91268,"minecraft:crouch_one_cm":6533,"minecraft:deaths":3,"minecraft:sneak_time":2082,"minecraft:walk_under_water_one_cm":2138,"minecraft:boat_one_cm":1620,"minecraft:jump":264,"minecraft:leave_game":2,"minecraft:time_since_death":379,"minecraft:walk_on_water_one_cm":5996,"minecraft:climb_one_cm":12,"minecraft:fall_one_cm":900,"minecraft:inspect_dispenser":5}},"DataVersion":2586}