{"stats":{"minecraft:custom":{"minecraft:time_since_rest":5680,"minecraft:crouch_one_cm":63,"minecraft:play_one_minute":27666,"minecraft:deaths":2,"minecraft:sprint_one_cm":19815,"minecraft:damage_taken":1850,"minecraft:walk_one_cm":22822,"minecraft:sneak_time":39,"minecraft:interact_with_anvil":2,"minecraft:drop":1,"minecraft:aviate_one_cm":304558,"minecraft:jump":197,"minecraft:damage_dealt":10,"minecraft:leave_game":4,"minecraft:walk_on_water_one_cm":2336,"minecraft:time_since_death":5668,"minecraft:climb_one_cm":65,"minecraft:damage_resisted":4548,"minecraft:fall_one_cm":61169,"minecraft:fly_one_cm":199704},"minecraft:mined":{"minecraft:large_fern":1,"minecraft:grass_block":1},"minecraft:used":{"minecraft:torch":1,"minecraft:netherite_sword":37,"minecraft:lever":18,"minecraft:firework_rocket":14,"minecraft:anvil":1,"minecraft:tnt":142,"minecraft:grass_block":2,"minecraft:crimson_hyphae":4,"minecraft:red_banner":8,"minecraft:netherite_axe":7},"minecraft:dropped":{"minecraft:paper":1},"minecraft:picked_up":{"minecraft:firework_rocket":64,"minecraft:lever":1,"minecraft:spruce_log":2,"minecraft:paper":2,"minecraft:dirt":17,"minecraft:cobblestone":29,"minecraft:elytra":1}},"DataVersion":2586}