{"stats":{"minecraft:used":{"minecraft:item_frame":1,"minecraft:netherite_sword":17,"minecraft:dirt":4,"minecraft:birch_planks":18,"minecraft:bread":4,"minecraft:netherite_axe":8,"minecraft:shield":13},"minecraft:custom":{"minecraft:time_since_rest":560,"minecraft:play_one_minute":10696,"minecraft:crouch_one_cm":1583,"minecraft:sprint_one_cm":23213,"minecraft:deaths":2,"minecraft:damage_taken":730,"minecraft:walk_one_cm":28141,"minecraft:damage_blocked_by_shield":252,"minecraft:sneak_time":385,"minecraft:jump":182,"minecraft:damage_dealt":972,"minecraft:leave_game":2,"minecraft:time_since_death":558,"minecraft:damage_resisted":872,"minecraft:player_kills":3,"minecraft:fall_one_cm":9413,"minecraft:fly_one_cm":53467},"minecraft:picked_up":{"minecraft:item_frame":1,"minecraft:shield":2,"minecraft:dirt":4,"minecraft:paper":1},"minecraft:mined":{"minecraft:grass_block":2,"minecraft:dirt":2},"minecraft:killed_by":{"minecraft:player":2}},"DataVersion":2586}