{"stats":{"minecraft:used":{"minecraft:redstone_torch":3,"minecraft:smooth_quartz":3,"minecraft:flint_and_steel":2,"minecraft:tnt":7},"minecraft:custom":{"minecraft:jump":22,"minecraft:time_since_rest":7099,"minecraft:crouch_one_cm":2460,"minecraft:play_one_minute":7099,"minecraft:leave_game":1,"minecraft:damage_taken":10,"minecraft:sprint_one_cm":7463,"minecraft:walk_on_water_one_cm":17,"minecraft:time_since_death":7099,"minecraft:walk_one_cm":13888,"minecraft:sneak_time":800,"minecraft:fly_one_cm":137474,"minecraft:inspect_dispenser":1},"minecraft:picked_up":{"minecraft:paper":1}},"DataVersion":2586}