{"stats":{"minecraft:used":{"minecraft:dark_oak_stairs":16,"minecraft:dark_oak_planks":54,"minecraft:water_bucket":3,"minecraft:firework_rocket":7,"minecraft:cobblestone_stairs":38,"minecraft:dark_oak_log":18,"minecraft:birch_planks":6,"minecraft:grass_block":1,"minecraft:slime_block":4,"minecraft:cobblestone":54,"minecraft:white_stained_glass_pane":38,"minecraft:crossbow":22,"minecraft:bucket":3,"minecraft:stone_pressure_plate":1,"minecraft:dark_oak_door":3},"minecraft:dropped":{"minecraft:netherite_axe":1,"minecraft:gold_nugget":9,"minecraft:glowstone_dust":9,"minecraft:redstone":2},"minecraft:picked_up":{"minecraft:brown_mushroom":1,"minecraft:redstone":1,"minecraft:sticky_piston":2,"minecraft:slime_block":4,"minecraft:gold_nugget":9,"minecraft:rose_bush":2,"minecraft:netherite_axe":1,"minecraft:glowstone_dust":9},"minecraft:mined":{"minecraft:fire":5,"minecraft:slime_block":5},"minecraft:custom":{"minecraft:time_since_rest":17085,"minecraft:sprint_one_cm":179873,"minecraft:damage_taken":8858,"minecraft:walk_one_cm":255754,"minecraft:drop":21,"minecraft:damage_dealt":903,"minecraft:fly_one_cm":554798,"minecraft:open_chest":1,"minecraft:crouch_one_cm":48270,"minecraft:play_one_minute":128354,"minecraft:deaths":9,"minecraft:sneak_time":22752,"minecraft:walk_under_water_one_cm":2,"minecraft:aviate_one_cm":626720,"minecraft:jump":1207,"minecraft:leave_game":2,"minecraft:walk_on_water_one_cm":4325,"minecraft:time_since_death":17047,"minecraft:damage_resisted":7049,"minecraft:climb_one_cm":1376,"minecraft:fall_one_cm":185903,"minecraft:inspect_dispenser":1}},"DataVersion":2586}