{"stats":{"minecraft:killed_by":{"minecraft:player":1},"minecraft:picked_up":{"minecraft:paper":6},"minecraft:custom":{"minecraft:time_since_rest":320,"minecraft:open_chest":3,"minecraft:crouch_one_cm":969,"minecraft:play_one_minute":23135,"minecraft:sprint_one_cm":11521,"minecraft:deaths":1,"minecraft:damage_taken":240,"minecraft:walk_one_cm":16062,"minecraft:sneak_time":723,"minecraft:interact_with_anvil":1,"minecraft:drop":4,"minecraft:jump":54,"minecraft:leave_game":2,"minecraft:time_since_death":122,"minecraft:fall_one_cm":894,"minecraft:fly_one_cm":131962,"minecraft:inspect_dispenser":4},"minecraft:dropped":{"minecraft:paper":4},"minecraft:used":{"minecraft:quartz_bricks":8,"minecraft:dark_oak_planks":7,"minecraft:black_wool":50,"minecraft:dirt":3,"minecraft:oak_planks":83,"minecraft:gold_block":1,"minecraft:polished_blackstone_button":2}},"DataVersion":2586}