{"stats":{"minecraft:picked_up":{"minecraft:oak_boat":3},"minecraft:custom":{"minecraft:jump":35,"minecraft:time_since_rest":10235,"minecraft:leave_game":1,"minecraft:play_one_minute":10235,"minecraft:sprint_one_cm":2794,"minecraft:walk_on_water_one_cm":312,"minecraft:damage_taken":10,"minecraft:time_since_death":10235,"minecraft:walk_one_cm":9970,"minecraft:sneak_time":323,"minecraft:damage_resisted":3986,"minecraft:fall_one_cm":8024,"minecraft:fly_one_cm":6322,"minecraft:aviate_one_cm":361114},"minecraft:used":{"minecraft:oak_boat":4,"minecraft:firework_rocket":3}},"DataVersion":2586}