{"stats":{"minecraft:killed_by":{"minecraft:player":1},"minecraft:picked_up":{"minecraft:stone_brick_wall":1,"minecraft:redstone":2,"minecraft:paper":13,"minecraft:oak_sign":4,"minecraft:redstone_torch":2,"minecraft:oak_button":1},"minecraft:dropped":{"minecraft:paper":1},"minecraft:used":{"minecraft:redstone_torch":5,"minecraft:sticky_piston":3,"minecraft:glass":1,"minecraft:end_rod":3,"minecraft:green_concrete":133,"minecraft:jungle_leaves":20,"minecraft:black_wool":116,"minecraft:black_concrete":532,"minecraft:iron_bars":18,"minecraft:red_concrete":6,"minecraft:red_wool":229,"minecraft:light_gray_concrete":9,"minecraft:oak_planks":204,"minecraft:iron_block":91,"minecraft:grass_block":33,"minecraft:redstone":6,"minecraft:polished_andesite":42,"minecraft:oak_button":2,"minecraft:lime_wool":17,"minecraft:oak_sign":27,"minecraft:blue_wool":25,"minecraft:black_carpet":107,"minecraft:spruce_planks":50,"minecraft:white_terracotta":65,"minecraft:stone":226,"minecraft:smooth_quartz":6,"minecraft:spruce_sign":2,"minecraft:pink_wool":2,"minecraft:yellow_wool":62,"minecraft:stone_bricks":211,"minecraft:white_wool":17,"minecraft:pink_concrete":13,"minecraft:cobblestone":45,"minecraft:lime_concrete":1,"minecraft:black_stained_glass":62,"minecraft:light_blue_concrete":7,"minecraft:light_blue_wool":11,"minecraft:podzol":42,"minecraft:cobblestone_wall":36,"minecraft:white_concrete":26,"minecraft:coarse_dirt":25,"minecraft:obsidian":158},"minecraft:custom":{"minecraft:time_since_rest":3923,"minecraft:sprint_one_cm":43797,"minecraft:damage_taken":1545,"minecraft:walk_one_cm":117900,"minecraft:trigger_trapped_chest":4,"minecraft:interact_with_anvil":8,"minecraft:drop":1,"minecraft:damage_dealt":30,"minecraft:fly_one_cm":995928,"minecraft:open_chest":10,"minecraft:play_one_minute":111434,"minecraft:crouch_one_cm":14198,"minecraft:deaths":5,"minecraft:sneak_time":7995,"minecraft:walk_under_water_one_cm":793,"minecraft:jump":515,"minecraft:leave_game":4,"minecraft:walk_on_water_one_cm":2577,"minecraft:time_since_death":3880,"minecraft:climb_one_cm":722,"minecraft:fall_one_cm":5718,"minecraft:inspect_dispenser":37}},"DataVersion":2586}