{"stats":{"minecraft:used":{"minecraft:quartz_bricks":7,"minecraft:chiseled_polished_blackstone":2,"minecraft:petrified_oak_slab":1,"minecraft:iron_bars":6,"minecraft:cow_spawn_egg":1,"minecraft:birch_planks":57,"minecraft:witch_spawn_egg":3,"minecraft:red_stained_glass":6,"minecraft:red_concrete":207,"minecraft:dispenser":4,"minecraft:redstone":46,"minecraft:red_nether_bricks":70,"minecraft:oak_sign":5,"minecraft:blue_wool":3,"minecraft:stone":17,"minecraft:brown_mushroom":10,"minecraft:zombie_spawn_egg":3,"minecraft:redstone_block":50,"minecraft:red_nether_brick_stairs":170,"minecraft:white_wool":2,"minecraft:torch":12,"minecraft:polished_blackstone_pressure_plate":22,"minecraft:end_stone_brick_wall":36,"minecraft:dirt":17,"minecraft:red_nether_brick_slab":28,"minecraft:anvil":5,"minecraft:crafting_table":2,"minecraft:hopper":2,"minecraft:red_mushroom":5,"minecraft:yellow_concrete":7,"minecraft:crossbow":62,"minecraft:chiseled_quartz_block":8,"minecraft:cyan_wool":6,"minecraft:snowball":8,"minecraft:redstone_torch":2,"minecraft:lever":3,"minecraft:hoglin_spawn_egg":7,"minecraft:netherite_shovel":5,"minecraft:firework_rocket":9,"minecraft:quartz_pillar":52,"minecraft:command_block":157,"minecraft:yellow_stained_glass":22,"minecraft:grass_block":171,"minecraft:map":7,"minecraft:dark_oak_wood":2,"minecraft:dark_oak_button":2,"minecraft:stone_bricks":55,"minecraft:item_frame":6,"minecraft:bedrock":3,"minecraft:repeater":176,"minecraft:red_nether_brick_wall":10,"minecraft:crimson_fungus":4,"minecraft:lime_concrete":2,"minecraft:fishing_rod":3,"minecraft:red_carpet":1,"minecraft:cobblestone":1,"minecraft:dark_oak_boat":3,"minecraft:warped_fungus":21,"minecraft:podzol":16,"minecraft:crimson_door":2,"minecraft:red_banner":2,"minecraft:chain":4,"minecraft:grass_path":1,"minecraft:polished_blackstone_button":2,"minecraft:coarse_dirt":1,"minecraft:warped_button":1,"minecraft:splash_potion":10},"minecraft:mined":{"minecraft:torch":1,"minecraft:fire":1},"minecraft:custom":{"minecraft:inspect_dropper":2,"minecraft:mob_kills":14,"minecraft:interact_with_anvil":2,"minecraft:inspect_hopper":28,"minecraft:interact_with_crafting_table":4,"minecraft:play_one_minute":219149,"minecraft:leave_game":7,"minecraft:time_since_death":4351,"minecraft:climb_one_cm":574,"minecraft:damage_resisted":2170,"minecraft:time_since_rest":4373,"minecraft:sprint_one_cm":629881,"minecraft:damage_taken":1360,"minecraft:walk_one_cm":405408,"minecraft:drop":21,"minecraft:damage_dealt":800,"minecraft:fly_one_cm":1419926,"minecraft:open_chest":32,"minecraft:crouch_one_cm":25654,"minecraft:deaths":12,"minecraft:sneak_time":5305,"minecraft:walk_under_water_one_cm":373,"minecraft:boat_one_cm":339,"minecraft:jump":616,"minecraft:walk_on_water_one_cm":2365,"minecraft:fall_one_cm":36670,"minecraft:inspect_dispenser":5},"minecraft:crafted":{"minecraft:firework_star":2,"minecraft:firework_rocket":15},"minecraft:killed":{"minecraft:witch":3,"minecraft:hoglin":7,"minecraft:zombie":3,"minecraft:cow":1},"minecraft:dropped":{"minecraft:chiseled_quartz_block":1,"minecraft:ender_chest":2,"minecraft:crossbow":3,"minecraft:barrier":1,"minecraft:item_frame":2,"minecraft:filled_map":5,"minecraft:map":2,"minecraft:red_nether_bricks":1,"minecraft:splash_potion":3,"minecraft:hoglin_spawn_egg":1},"minecraft:picked_up":{"minecraft:barrier":1,"minecraft:splash_potion":3,"minecraft:ender_chest":2,"minecraft:chiseled_quartz_block":1,"minecraft:filled_map":8,"minecraft:chain":1,"minecraft:map":2,"minecraft:red_nether_bricks":1,"minecraft:item_frame":5,"minecraft:red_carpet":1,"minecraft:hoglin_spawn_egg":1,"minecraft:torch":2,"minecraft:black_stained_glass_pane":56,"minecraft:crimson_door":2,"minecraft:redstone":29,"minecraft:lever":1,"minecraft:crossbow":3}},"DataVersion":2586}