{"stats":{"minecraft:dropped":{"minecraft:porkchop":3,"minecraft:chicken":9,"minecraft:feather":6,"minecraft:paper":2,"minecraft:elytra":1,"minecraft:item_frame":1,"minecraft:firework_rocket":64},"minecraft:used":{"minecraft:shroomlight":5,"minecraft:diorite_stairs":12,"minecraft:sticky_piston":1,"minecraft:oak_fence":11,"minecraft:dark_oak_planks":12,"minecraft:dark_oak_stairs":50,"minecraft:diorite":37,"minecraft:black_wool":2,"minecraft:cornflower":21,"minecraft:firework_rocket":8,"minecraft:spruce_door":4,"minecraft:orange_concrete":8,"minecraft:snow_block":2,"minecraft:spruce_wood":207,"minecraft:red_concrete":8,"minecraft:grass_block":22,"minecraft:blue_orchid":30,"minecraft:poppy":20,"minecraft:bone_block":32,"minecraft:ladder":4,"minecraft:orange_tulip":27,"minecraft:stone":39,"minecraft:red_mushroom_block":122,"minecraft:redstone_block":2,"minecraft:smooth_quartz":2,"minecraft:cobblestone_slab":12,"minecraft:stone_bricks":50,"minecraft:fire_coral_block":1,"minecraft:cobblestone":88,"minecraft:light_blue_concrete":167,"minecraft:red_mushroom":2,"minecraft:podzol":3,"minecraft:light_blue_wool":78,"minecraft:orange_wool":51,"minecraft:glass_pane":8,"minecraft:bone_meal":12,"minecraft:mushroom_stem":22,"minecraft:stripped_spruce_log":64,"minecraft:polished_diorite":20},"minecraft:custom":{"minecraft:time_since_rest":1518,"minecraft:sprint_one_cm":109962,"minecraft:damage_taken":17063,"minecraft:walk_one_cm":101988,"minecraft:interact_with_anvil":3,"minecraft:drop":11,"minecraft:inspect_hopper":6,"minecraft:fly_one_cm":692209,"minecraft:open_chest":2,"minecraft:play_one_minute":117823,"minecraft:crouch_one_cm":36938,"minecraft:deaths":37,"minecraft:sneak_time":12326,"minecraft:aviate_one_cm":8221229,"minecraft:jump":637,"minecraft:leave_game":7,"minecraft:time_since_death":1490,"minecraft:climb_one_cm":1235,"minecraft:inspect_dispenser":15,"minecraft:fall_one_cm":168897},"minecraft:picked_up":{"minecraft:chicken":9,"minecraft:feather":6,"minecraft:porkchop":3,"minecraft:elytra":3,"minecraft:paper":2,"minecraft:item_frame":1,"minecraft:firework_rocket":1786}},"DataVersion":2586}