{"stats":{"minecraft:custom":{"minecraft:interact_with_anvil":13,"minecraft:mob_kills":4,"minecraft:animals_bred":1,"minecraft:interact_with_crafting_table":27,"minecraft:bell_ring":1,"minecraft:leave_game":15,"minecraft:time_since_death":49707,"minecraft:climb_one_cm":8698,"minecraft:damage_resisted":52075,"minecraft:sprint_one_cm":654389,"minecraft:walk_one_cm":909682,"minecraft:damage_blocked_by_shield":1411,"minecraft:drop":17,"minecraft:talked_to_villager":20,"minecraft:deaths":113,"minecraft:sneak_time":60070,"minecraft:walk_under_water_one_cm":336,"minecraft:boat_one_cm":37611,"minecraft:interact_with_lectern":2,"minecraft:jump":4119,"minecraft:walk_on_water_one_cm":8610,"minecraft:play_record":4,"minecraft:tune_noteblock":35,"minecraft:play_one_minute":771918,"minecraft:interact_with_loom":8,"minecraft:sleep_in_bed":4,"minecraft:time_since_rest":49739,"minecraft:damage_taken":44785,"minecraft:trigger_trapped_chest":25,"minecraft:minecart_one_cm":10933,"minecraft:damage_dealt":848,"minecraft:fly_one_cm":6262652,"minecraft:player_kills":6,"minecraft:pig_one_cm":734,"minecraft:open_chest":72,"minecraft:crouch_one_cm":265242,"minecraft:aviate_one_cm":875713,"minecraft:fish_caught":1,"minecraft:fall_one_cm":960169,"minecraft:inspect_dispenser":51,"minecraft:horse_one_cm":7444},"minecraft:used":{"minecraft:oak_fence":5,"minecraft:light_blue_stained_glass_pane":22,"minecraft:netherite_sword":3,"minecraft:rose_bush":1,"minecraft:writable_book":1,"minecraft:iron_bars":17,"minecraft:crimson_fence":3,"minecraft:orange_concrete":2,"minecraft:flint_and_steel":4,"minecraft:armor_stand":8,"minecraft:smooth_quartz_slab":34,"minecraft:oak_sign":17,"minecraft:red_concrete":438,"minecraft:dispenser":1,"minecraft:spruce_slab":7,"minecraft:redstone":3,"minecraft:poppy":2,"minecraft:ladder":8,"minecraft:spruce_planks":121,"minecraft:chest":5,"minecraft:shield":29,"minecraft:white_terracotta":151,"minecraft:brown_concrete":264,"minecraft:stone":520,"minecraft:creeper_head":1,"minecraft:warped_sign":1,"minecraft:quartz_stairs":71,"minecraft:player_head":8,"minecraft:netherrack":10,"minecraft:oak_door":2,"minecraft:dirt":930,"minecraft:anvil":2,"minecraft:nether_bricks":10,"minecraft:carrot":5,"minecraft:cobblestone_wall":4,"minecraft:pink_terracotta":11,"minecraft:spruce_fence":1,"minecraft:light_blue_stained_glass":9,"minecraft:milk_bucket":6,"minecraft:polished_diorite":60,"minecraft:glass":34,"minecraft:dark_oak_planks":117,"minecraft:lava_bucket":128,"minecraft:netherite_shovel":45,"minecraft:bricks":30,"minecraft:villager_spawn_egg":1,"minecraft:black_stained_glass_pane":33,"minecraft:yellow_stained_glass":13,"minecraft:quartz_slab":2,"minecraft:red_wool":32,"minecraft:filled_map":13,"minecraft:grass_block":491,"minecraft:oak_stairs":4,"minecraft:brick_stairs":31,"minecraft:warped_fence":1,"minecraft:quartz_block":31,"minecraft:crimson_slab":3,"minecraft:music_disc_chirp":1,"minecraft:dark_oak_wood":5,"minecraft:dark_oak_slab":51,"minecraft:smooth_quartz":129,"minecraft:pink_wool":5,"minecraft:stone_bricks":142,"minecraft:music_disc_stal":2,"minecraft:item_frame":16,"minecraft:bedrock":6,"minecraft:birch_button":7,"minecraft:birch_trapdoor":29,"minecraft:repeater":1,"minecraft:glowstone":12,"minecraft:red_carpet":33,"minecraft:lime_concrete":6,"minecraft:scaffolding":8,"minecraft:written_book":2,"minecraft:oak_sapling":8,"minecraft:furnace":2,"minecraft:lime_stained_glass":2,"minecraft:minecart":6,"minecraft:gold_block":29,"minecraft:skeleton_skull":2,"minecraft:dragon_head":2,"minecraft:dark_prismarine_stairs":9,"minecraft:light_blue_carpet":11,"minecraft:water_bucket":155,"minecraft:mossy_stone_bricks":31,"minecraft:acacia_boat":1,"minecraft:end_rod":7,"minecraft:cobblestone_stairs":13,"minecraft:wither_skeleton_skull":2,"minecraft:spruce_door":10,"minecraft:lodestone":17,"minecraft:birch_planks":1194,"minecraft:powered_rail":3,"minecraft:polished_andesite":109,"minecraft:dark_oak_sign":1,"minecraft:oak_planks":380,"minecraft:lime_wool":6,"minecraft:red_nether_bricks":33,"minecraft:blue_wool":16,"minecraft:ender_pearl":1,"minecraft:sandstone":205,"minecraft:redstone_block":381,"minecraft:brown_mushroom":11,"minecraft:parrot_spawn_egg":39,"minecraft:cobblestone_slab":11,"minecraft:horse_spawn_egg":2,"minecraft:smooth_quartz_stairs":1,"minecraft:dark_oak_trapdoor":2,"minecraft:mossy_cobblestone":23,"minecraft:rail":7,"minecraft:vine":26,"minecraft:music_disc_cat":1,"minecraft:light_blue_concrete":629,"minecraft:oak_slab":1,"minecraft:dark_prismarine_slab":14,"minecraft:crafting_table":10,"minecraft:loom":2,"minecraft:red_bed":2,"minecraft:blast_furnace":1,"minecraft:light_blue_wool":14,"minecraft:birch_sign":2,"minecraft:black_banner":18,"minecraft:yellow_concrete":242,"minecraft:white_bed":2,"minecraft:note_block":15,"minecraft:stone_brick_wall":4,"minecraft:lingering_potion":5,"minecraft:smoker":1,"minecraft:spruce_log":11,"minecraft:dark_oak_door":24,"minecraft:redstone_torch":8,"minecraft:oak_log":5,"minecraft:piston":15,"minecraft:green_concrete":1,"minecraft:dark_prismarine":5,"minecraft:lever":3,"minecraft:black_concrete":347,"minecraft:black_wool":30,"minecraft:apple":1,"minecraft:firework_rocket":13,"minecraft:dark_oak_log":3,"minecraft:command_block":12,"minecraft:sunflower":2,"minecraft:zombie_head":1,"minecraft:stone_button":15,"minecraft:string":1,"minecraft:brown_wool":1,"minecraft:pig_spawn_egg":1,"minecraft:stone_slab":13,"minecraft:red_terracotta":9,"minecraft:spruce_trapdoor":15,"minecraft:polished_andesite_slab":1,"minecraft:crimson_sign":16,"minecraft:nether_wart_block":4,"minecraft:fishing_rod":262,"minecraft:cobblestone":586,"minecraft:crimson_stairs":132,"minecraft:stripped_oak_wood":61,"minecraft:smithing_table":1,"minecraft:crimson_door":2,"minecraft:andesite":15,"minecraft:bucket":20,"minecraft:red_banner":63,"minecraft:lapis_block":10,"minecraft:chain":9,"minecraft:glass_pane":20,"minecraft:oak_boat":99,"minecraft:white_concrete":273,"minecraft:coarse_dirt":158,"minecraft:warped_button":5,"minecraft:bone_meal":246,"minecraft:splash_potion":28,"minecraft:birch_stairs":41},"minecraft:broken":{"minecraft:fishing_rod":1},"minecraft:picked_up":{"minecraft:chicken":5,"minecraft:ladder":9,"minecraft:brown_mushroom":1,"minecraft:birch_button":1,"minecraft:music_disc_cat":1,"minecraft:item_frame":64,"minecraft:oak_sign":5,"minecraft:red_dye":64,"minecraft:redstone_torch":1,"minecraft:oak_boat":17,"minecraft:rose_bush":1,"minecraft:crimson_sign":2,"minecraft:dark_oak_door":2,"minecraft:sandstone":1,"minecraft:torch":1,"minecraft:stone_button":7,"minecraft:warped_button":6,"minecraft:redstone":2,"minecraft:cod":1,"minecraft:feather":1,"minecraft:music_disc_stal":2,"minecraft:oak_log":1,"minecraft:acacia_boat":4,"minecraft:paper":77,"minecraft:name_tag":1,"minecraft:red_carpet":3,"minecraft:yellow_stained_glass":1,"minecraft:oak_planks":194,"minecraft:music_disc_chirp":1,"minecraft:scaffolding":4,"minecraft:oak_slab":1,"minecraft:red_banner":51,"minecraft:crimson_door":1,"minecraft:firework_rocket":572,"minecraft:diamond":4,"minecraft:lever":1,"minecraft:light_blue_carpet":9,"minecraft:bread":6,"minecraft:lodestone":3,"minecraft:sunflower":3},"minecraft:crafted":{"minecraft:leather_leggings":2,"minecraft:leather_boots":4,"minecraft:leather_helmet":2,"minecraft:shield":2,"minecraft:leather_chestplate":2},"minecraft:killed_by":{"minecraft:player":4},"minecraft:killed":{"minecraft:zombified_piglin":1,"minecraft:parrot":3},"minecraft:dropped":{"minecraft:bread":3,"minecraft:acacia_boat":2,"minecraft:diamond":66,"minecraft:paper":3,"minecraft:oak_planks":1,"minecraft:blast_furnace":1,"minecraft:filled_map":2,"minecraft:oak_boat":2},"minecraft:mined":{"minecraft:ladder":9,"minecraft:oak_slab":1,"minecraft:oak_planks":1,"minecraft:birch_planks":1,"minecraft:oak_log":1,"minecraft:sunflower":1}},"DataVersion":2586}