{"stats":{"minecraft:dropped":{"minecraft:elytra":1,"minecraft:firework_rocket":192},"minecraft:used":{"minecraft:redstone_torch":1,"minecraft:lever":3,"minecraft:firework_rocket":6,"minecraft:command_block":2,"minecraft:grass_block":36,"minecraft:acacia_button":2,"minecraft:redstone_block":3,"minecraft:smooth_quartz":10},"minecraft:picked_up":{"minecraft:firework_rocket":595,"minecraft:acacia_button":12,"minecraft:elytra":6},"minecraft:custom":{"minecraft:time_since_rest":4829,"minecraft:crouch_one_cm":4476,"minecraft:play_one_minute":52290,"minecraft:deaths":19,"minecraft:sprint_one_cm":20553,"minecraft:damage_taken":5620,"minecraft:walk_one_cm":33683,"minecraft:sneak_time":3001,"minecraft:drop":4,"minecraft:aviate_one_cm":5183538,"minecraft:jump":126,"minecraft:inspect_hopper":4,"minecraft:damage_dealt":5,"minecraft:leave_game":3,"minecraft:time_since_death":4789,"minecraft:fall_one_cm":62731,"minecraft:fly_one_cm":202568,"minecraft:inspect_dispenser":2}},"DataVersion":2586}