{"stats":{"minecraft:picked_up":{"minecraft:leather_chestplate":5,"minecraft:leather_leggings":6,"minecraft:crimson_door":2,"minecraft:shield":1,"minecraft:redstone":3,"minecraft:stone_pressure_plate":6,"minecraft:name_tag":8,"minecraft:armor_stand":1,"minecraft:leather_boots":6,"minecraft:command_block":18,"minecraft:lever":2,"minecraft:crossbow":3},"minecraft:custom":{"minecraft:time_since_rest":56,"minecraft:sprint_one_cm":36166,"minecraft:walk_one_cm":76565,"minecraft:interact_with_anvil":4,"minecraft:drop":2,"minecraft:fly_one_cm":636303,"minecraft:open_chest":23,"minecraft:crouch_one_cm":1403,"minecraft:play_time":83117,"minecraft:deaths":2,"minecraft:sneak_time":2123,"minecraft:interact_with_lectern":1,"minecraft:jump":355,"minecraft:leave_game":3,"minecraft:time_since_death":29,"minecraft:walk_on_water_one_cm":108,"minecraft:total_world_time":25575},"minecraft:dropped":{"minecraft:crossbow":2},"minecraft:used":{"minecraft:sticky_piston":4,"minecraft:nether_brick_fence":3,"minecraft:lever":31,"minecraft:black_concrete":2,"minecraft:daylight_detector":7,"minecraft:lodestone":1,"minecraft:command_block":84,"minecraft:quartz_slab":20,"minecraft:armor_stand":5,"minecraft:grass_block":117,"minecraft:redstone":51,"minecraft:red_nether_bricks":24,"minecraft:stone_button":1,"minecraft:oak_sign":4,"minecraft:dark_oak_wood":10,"minecraft:chest":3,"minecraft:stone":16,"minecraft:redstone_block":6,"minecraft:red_nether_brick_stairs":9,"minecraft:quartz_stairs":6,"minecraft:glow_ink_sac":6,"minecraft:purple_dye":1,"minecraft:bedrock":2,"minecraft:item_frame":6,"minecraft:crimson_sign":7,"minecraft:smooth_quartz_stairs":2,"minecraft:redstone_lamp":1,"minecraft:red_carpet":2,"minecraft:repeater":45,"minecraft:dirt":15,"minecraft:light_gray_banner":4,"minecraft:anvil":2,"minecraft:white_carpet":1,"minecraft:oak_slab":5,"minecraft:chain":9,"minecraft:yellow_stained_glass_pane":6,"minecraft:yellow_concrete":57,"minecraft:stone_pressure_plate":17,"minecraft:red_dye":2,"minecraft:splash_potion":10}},"DataVersion":2724}