{"stats":{"minecraft:used":{"minecraft:yellow_wool":9,"minecraft:cobblestone":3,"minecraft:tnt":114,"minecraft:grass_block":17,"minecraft:jungle_planks":1,"minecraft:oak_planks":5,"minecraft:oak_sign":1,"minecraft:smooth_quartz":1,"minecraft:bone_meal":2,"minecraft:cobblestone_slab":31,"minecraft:cobweb":4},"minecraft:picked_up":{"minecraft:azure_bluet":1,"minecraft:oak_sign":3,"minecraft:wheat_seeds":1,"minecraft:dandelion":1},"minecraft:custom":{"minecraft:time_since_rest":26079,"minecraft:open_chest":2,"minecraft:crouch_one_cm":1420,"minecraft:play_one_minute":42419,"minecraft:sprint_one_cm":10864,"minecraft:walk_one_cm":48171,"minecraft:damage_taken":655,"minecraft:deaths":2,"minecraft:sneak_time":639,"minecraft:trigger_trapped_chest":2,"minecraft:jump":95,"minecraft:leave_game":3,"minecraft:time_since_death":26055,"minecraft:walk_on_water_one_cm":280,"minecraft:climb_one_cm":113,"minecraft:inspect_dispenser":1,"minecraft:fly_one_cm":147361}},"DataVersion":2586}