{"stats":{"minecraft:custom":{"minecraft:jump":48,"minecraft:time_since_rest":21748,"minecraft:crouch_one_cm":15,"minecraft:play_one_minute":21748,"minecraft:leave_game":1,"minecraft:sprint_one_cm":3931,"minecraft:walk_on_water_one_cm":66,"minecraft:time_since_death":21748,"minecraft:walk_one_cm":8841,"minecraft:sneak_time":516,"minecraft:fly_one_cm":327750},"minecraft:used":{"minecraft:yellow_concrete":5,"minecraft:red_nether_bricks":5,"minecraft:nether_wart_block":9,"minecraft:stone":21,"minecraft:command_block":26,"minecraft:grass_block":20}},"DataVersion":2586}