{"stats":{"minecraft:dropped":{"minecraft:water_bucket":1,"minecraft:bread":64,"minecraft:lapis_lazuli":1,"minecraft:diamond_chestplate":3,"minecraft:iron_chestplate":1,"minecraft:yellow_concrete":1,"minecraft:diamond_leggings":1,"minecraft:oak_boat":1,"minecraft:diamond_helmet":2,"minecraft:iron_helmet":1,"minecraft:iron_leggings":1,"minecraft:diamond_boots":2,"minecraft:oak_sign":2,"minecraft:splash_potion":1,"minecraft:redstone":3},"minecraft:custom":{"minecraft:time_since_rest":63558,"minecraft:sprint_one_cm":85724,"minecraft:damage_taken":2449,"minecraft:walk_one_cm":255998,"minecraft:trigger_trapped_chest":1,"minecraft:interact_with_anvil":1,"minecraft:drop":22,"minecraft:damage_dealt":378,"minecraft:fly_one_cm":695524,"minecraft:open_chest":316,"minecraft:play_one_minute":146226,"minecraft:crouch_one_cm":12476,"minecraft:deaths":12,"minecraft:sneak_time":7750,"minecraft:jump":742,"minecraft:leave_game":5,"minecraft:time_since_death":63525,"minecraft:walk_on_water_one_cm":976,"minecraft:enchant_item":2,"minecraft:climb_one_cm":141,"minecraft:damage_resisted":3920,"minecraft:fall_one_cm":16770,"minecraft:inspect_dispenser":2},"minecraft:mined":{"minecraft:magenta_wool":4},"minecraft:picked_up":{"minecraft:iron_chestplate":1,"minecraft:diamond_sword":1,"minecraft:netherite_shovel":1,"minecraft:redstone":1,"minecraft:lapis_lazuli":1,"minecraft:paper":1,"minecraft:iron_leggings":1,"minecraft:experience_bottle":2,"minecraft:magenta_wool":4,"minecraft:diamond_chestplate":3,"minecraft:oak_sign":2,"minecraft:diamond_leggings":1,"minecraft:diamond_boots":2,"minecraft:iron_helmet":1,"minecraft:oak_boat":7,"minecraft:diamond_helmet":2,"minecraft:snowball":1},"minecraft:used":{"minecraft:water_bucket":1,"minecraft:enchanting_table":4,"minecraft:birch_planks":6,"minecraft:grass_block":98,"minecraft:bread":3,"minecraft:oak_planks":86,"minecraft:oak_sign":1,"minecraft:chest":12,"minecraft:spruce_planks":84,"minecraft:stone":92,"minecraft:lime_concrete":3,"minecraft:anvil":1,"minecraft:magenta_wool":28,"minecraft:white_stained_glass":45,"minecraft:yellow_concrete":1,"minecraft:bucket":1,"minecraft:oak_boat":22,"minecraft:snowball":1}},"DataVersion":2586}