{"stats":{"minecraft:killed_by":{"minecraft:player":38},"minecraft:mined":{"minecraft:spruce_planks":1},"minecraft:broken":{"minecraft:iron_helmet":2,"minecraft:iron_chestplate":2,"minecraft:fishing_rod":2,"minecraft:iron_leggings":1,"minecraft:golden_boots":1,"minecraft:chainmail_helmet":1,"minecraft:leather_leggings":1,"minecraft:iron_boots":2},"minecraft:picked_up":{"minecraft:spruce_planks":1,"minecraft:netherite_axe":1,"minecraft:bread":31,"minecraft:enchanted_golden_apple":7},"minecraft:dropped":{"minecraft:bread":54,"minecraft:leather_chestplate":1,"minecraft:iron_chestplate":1,"minecraft:netherite_sword":1,"minecraft:netherite_axe":1,"minecraft:iron_helmet":1,"minecraft:iron_leggings":2,"minecraft:iron_boots":1,"minecraft:enchanted_golden_apple":6,"minecraft:bedrock":1},"minecraft:used":{"minecraft:netherite_sword":224,"minecraft:command_block":1,"minecraft:grass_block":36,"minecraft:bread":22,"minecraft:netherite_axe":89,"minecraft:stone_button":1,"minecraft:ender_pearl":1,"minecraft:shield":107,"minecraft:bedrock":4,"minecraft:fishing_rod":131,"minecraft:anvil":1,"minecraft:smooth_stone_slab":55,"minecraft:snowball":3,"minecraft:enchanted_golden_apple":1},"minecraft:custom":{"minecraft:time_since_rest":409,"minecraft:damage_absorbed":160,"minecraft:sprint_one_cm":108628,"minecraft:damage_taken":14182,"minecraft:walk_one_cm":275823,"minecraft:damage_blocked_by_shield":3132,"minecraft:interact_with_anvil":1,"minecraft:drop":13,"minecraft:damage_dealt":12580,"minecraft:fly_one_cm":239846,"minecraft:player_kills":37,"minecraft:open_chest":10,"minecraft:play_one_minute":82388,"minecraft:crouch_one_cm":105,"minecraft:deaths":38,"minecraft:sneak_time":125,"minecraft:jump":1212,"minecraft:leave_game":2,"minecraft:time_since_death":264,"minecraft:damage_resisted":132,"minecraft:climb_one_cm":629,"minecraft:fall_one_cm":904,"minecraft:inspect_dispenser":1}},"DataVersion":2586}