{"stats":{"minecraft:used":{"minecraft:redstone":10,"minecraft:red_nether_bricks":3,"minecraft:lever":1,"minecraft:stone":2,"minecraft:repeater":32,"minecraft:daylight_detector":1,"minecraft:command_block":10,"minecraft:grass_block":80},"minecraft:custom":{"minecraft:jump":71,"minecraft:time_since_rest":42070,"minecraft:crouch_one_cm":167,"minecraft:play_one_minute":42070,"minecraft:leave_game":2,"minecraft:sprint_one_cm":9266,"minecraft:time_since_death":42070,"minecraft:walk_one_cm":13863,"minecraft:sneak_time":236,"minecraft:fly_one_cm":143676}},"DataVersion":2586}