{"stats":{"minecraft:killed_by":{"minecraft:player":2},"minecraft:picked_up":{"minecraft:iron_chestplate":1,"minecraft:diamond_sword":1,"minecraft:gold_block":1,"minecraft:shield":1,"minecraft:elytra":1,"minecraft:iron_leggings":1,"minecraft:item_frame":64,"minecraft:firework_rocket":14,"minecraft:netherite_helmet":1,"minecraft:lever":4,"minecraft:iron_helmet":1,"minecraft:golden_apple":5,"minecraft:redstone_torch":1,"minecraft:iron_boots":1},"minecraft:used":{"minecraft:sticky_piston":4,"minecraft:netherite_sword":101,"minecraft:lever":9,"minecraft:bricks":133,"minecraft:firework_rocket":33,"minecraft:iron_block":3,"minecraft:brown_wool":8,"minecraft:spruce_planks":7,"minecraft:shield":24,"minecraft:stone":2,"minecraft:pink_wool":1,"minecraft:item_frame":6,"minecraft:golden_apple":8,"minecraft:diamond_block":5,"minecraft:dirt":2,"minecraft:gold_block":8,"minecraft:enchanted_golden_apple":12},"minecraft:dropped":{"minecraft:netherite_sword":1,"minecraft:enchanted_golden_apple":17,"minecraft:golden_apple":74,"minecraft:item_frame":64,"minecraft:firework_rocket":78},"minecraft:custom":{"minecraft:time_since_rest":16119,"minecraft:walk_one_cm":75503,"minecraft:sprint_one_cm":35621,"minecraft:damage_taken":2860,"minecraft:damage_absorbed":1840,"minecraft:damage_blocked_by_shield":1950,"minecraft:interact_with_anvil":1,"minecraft:drop":28,"minecraft:damage_dealt":1201,"minecraft:fly_one_cm":32182,"minecraft:player_kills":1,"minecraft:open_chest":1,"minecraft:crouch_one_cm":2215,"minecraft:play_one_minute":24298,"minecraft:deaths":2,"minecraft:sneak_time":848,"minecraft:aviate_one_cm":326090,"minecraft:jump":153,"minecraft:leave_game":2,"minecraft:time_since_death":16090,"minecraft:damage_resisted":770,"minecraft:fall_one_cm":17027}},"DataVersion":2586}